token_address,chain,token_name,howmany_suspicious_urls,howmany_suspicious_addresses,howmany_warnings
0x00000000051b48047be6dc0ada6de5c3de86a588,eth,Baby Shiba Inu,4,0,0
0x0000000000c5dc95539589fbd24be07c6c14eca4,eth,Milady Cult Coin,22,0,0
0x0018d5e01e53878f90feab02f1b2019a21adf8b1,eth,Shadowcats,0,0,0
0x0026dfbd8dbb6f8d0c88303cc1b1596409fda542,eth,SANSHU!,18,0,0
0x004f747a91e05d0e2fbe8bf3cd39cdb2bcfab02c,eth,TWEET,4,0,0
0x005e6fd1610302018dcd9caf29b8bc38ff6efd98,eth,Metafox,3,0,0
0x00869e8e2e0343edd11314e6ccb0d78d51547ee5,eth,SuperGrok,0,0,0
0x00e1656e45f18ec6747f5a8496fd39b50b38396d,bsc,Bomber Coin,0,0,0
0x00f71afe867b2dbd2ad4ba14fd139bc6bc659ccd,bsc,XOXO Monkey,3,0,0
0x0138f5e99cfdffbacf36e543800c19ef16fa294b,eth,Prophet,3,0,0
0x016cf83732f1468150d87dcc5bdf67730b3934d3,bsc,AirNFT Token,4,0,0
0x0231f91e02debd20345ae8ab7d71a41f8e140ce7,bsc,BSC Wrapped Jupiter,1,0,0
0x0255af6c9f86f6b0543357bacefa262a2664f80f,bsc,Immutable,3,0,0
0x0288d3e353fe2299f11ea2c2e1696b4a648ecc07,bsc,ZCore Finance,7,0,0
0x02a40c048ee2607b5f5606e445cfc3633fb20b58,bsc,Kaby Arena,4,0,0
0x02ff5065692783374947393723dba9599e59f591,bsc,YOOSHI,7,0,0
0x033bbde722ea3cdcec73cffea6581df9f9c257de,eth,Velar,3,0,0
0x037838b556d9c9d654148a284682c55bb5f56ef4,bsc,Lightning,4,0,0
0x038a68ff68c393373ec894015816e33ad41bd564,eth,Glitch,4,0,0
0x0391be54e72f7e001f6bbc331777710b4f2999ef,bsc,TravaFinance Token,3,0,0
0x03ff0ff224f904be3118461335064bb48df47938,bsc,Harmony ONE,4,0,0
0x04baf95fd4c52fd09a56d840baee0ab8d7357bf0,bsc,BigONE Token,2,0,0
0x04c154b66cb340f3ae24111cc767e0184ed00cc6,eth,Pirex Ether,7,0,0
0x04c747b40be4d535fc83d09939fb0f626f32800b,bsc,ITAM,4,0,0
0x053708a5bc7f1627ddc87e780ee381cf1e31f765,bsc,velaai,2,0,0
0x055999b83f9cade9e3988a0f34ef72817566800d,eth,RTB,17,0,0
0x0565805ca3a4105faee51983b0bd8ffb5ce1455c,bsc,BlockchainSpace [via ChainPort.io],5,0,0
0x05fe069626543842439ef90d9fa1633640c50cf1,eth,EVE AI,3,0,0
0x06561dc5cedcc012a4ea68609b17d41499622e4c,eth,NOOB,9,0,0
0x0688977ae5b10075f46519063fd2f03adc052c1f,bsc,5thScape,3,0,0
0x06b964d96f5dcf7eae9d7c559b09edce244d4b8e,eth,USUALX,9,0,0
0x06ddb3a8bc0abc14f85e974cf1a93a6f8d4909d9,eth,8PAY Network v2,3,0,0
0x07040971246a73ebda9cf29ea1306bb47c7c4e76,eth,AMERICAN PEPE,3,0,0
0x076ddce096c93dcf5d51fe346062bf0ba9523493,bsc,Paralink Network,11,0,0
0x0782b6d8c4551b9760e74c0545a9bcd90bdc41e5,bsc,Lista USD,9,0,0
0x07b36f2549291d320132712a1e64d3826b1fb4d7,bsc,WIFEDOGE,1,0,0
0x07c15e4add8c23d2971380dde6c57b6f88902ec1,bsc,MetaMars,2,0,0
0x08037036451c768465369431da5c671ad9b37dbc,bsc,NFT STARS COIN,8,0,0
0x0808e6c4400bde1d70db0d02170b67de05e07ef5,eth,Wrapped LYX,7,0,0
0x0864c156b3c5f69824564dec60c629ae6401bf2a,bsc,Streamr,18,0,0
0x08ba0619b1e7a582e0bce5bbe9843322c954c340,bsc,Binamon,0,0,0
0x09395a2a58db45db0da254c7eaa5ac469d8bdc85,eth,SubQueryToken,8,0,0
0x095956b142431eb9cf88b99f392540b91acbf4ad,bsc,One Basis Share,8,0,0
0x09f423ac3c9babbff6f94d372b16e4206e71439f,bsc,Wrapped Enjinstarter,9,0,0
0x0a3a21356793b49154fd3bbe91cbc2a16c0457f5,bsc,RFOX,4,0,0
0x0a907b0bbff60702b29a36b19718d99253cfbd9f,eth,QLix,7,0,0
0x0a9e3dde12e4519c9d89df69bd738490c9466bf4,eth,Market Dominance,6,0,0
0x0aee8703d34dd9ae107386d3eff22ae75dd616d1,eth,Tranche Finance,8,0,0
0x0b0a8c7c34374c1d0c649917a97eee6c6c929b1b,eth,Shiba V Pepe,0,0,0
0x0b15ddf19d47e6a86a56148fb4afffc6929bcb89,bsc,Impossible Decentralized Incubator Access Token,4,0,0
0x0b38210ea11411557c13457d4da7dc6ea731b88a,eth,API3,8,0,0
0x0b3f42481c228f70756dbfa0309d3ddc2a5e0f6a,bsc,UltraSafe,7,0,0
0x0cbd6fadcf8096cc9a43d90b45f65826102e3ece,bsc,CheckDot,3,0,0
0x0d8ce2a99bb6e3b7db580ed848240e4a0f9ae153,bsc,Filecoin,8,0,0
0x0e09fabb73bd3ade0a17ecc321fd13a19e81ce82,bsc,PancakeSwap Token,12,0,0
0x0e7779e698052f8fe56c415c3818fcf89de9ac6d,bsc,Ultiverse Token,3,0,0
0x0e7beec376099429b85639eb3abe7cf22694ed49,bsc,Buni Token,9,0,0
0x0eb3a705fc54725037cc9e008bdede697f62f335,bsc,Cosmos Token,3,0,0
0x0ee7292bd28f4a490f849fb30c28cabab9440f9e,bsc,Gemlink,0,0,0
0x0f71b8de197a1c84d31de0f1fa7926c365f052b3,eth,Arcona Distribution Contract,6,0,0
0x0f7dc5d02cc1e1f5ee47854d534d332a1081ccc8,eth,Pepes Dog,0,0,0
0x0f8c45b896784a1e408526b9300519ef8660209c,eth,XMAX,0,0,0
0x0fc2a55d5bd13033f1ee0cdd11f60f7efe66f467,eth,Lagrange,9,0,0
0x1010107b4757c915bc2f1ecd08c85d1bb0be92e0,eth,Brain Frog,5,0,0
0x103c45ffcf40f481a318480718501527929a89c3,eth,Fragma,2,0,0
0x108a850856db3f85d0269a2693d896b394c80325,eth,THORWallet Governance Token,22,0,0
0x115ec79f1de567ec68b7ae7eda501b406626478e,eth,CarryToken,8,0,0
0x121235cff4c59eec80b14c1d38b44e7de3a18287,bsc,DarkShield,0,0,0
0x1236a887ef31b4d32e1f0a2b5e4531f52cec7e75,bsc,GamiWorld.io,3,0,0
0x124123c7af9efd2a86f4d41daa88ac164d02a3d5,bsc,GreenEnvironmentalCoins,2,0,0
0x1258d60b224c0c5cd888d37bbf31aa5fcfb7e870,eth,NodeAI,7,0,0
0x12819623921be0f4d5ebfc12c75e6d08a1683080,bsc,Broccoli,4,0,0
0x13e4b8cffe704d3de6f19e52b201d92c21ec18bd,eth,ParallelAI,3,0,0
0x14016e85a25aeb13065688cafb43044c2ef86784,bsc,TrueUSD,8,0,0
0x14778860e937f509e651192a90589de711fb88a9,bsc,CyberConnect,17,0,0
0x147faf8de9d8d8daae129b187f0d02d819126750,eth,GeoDB Coin,7,0,0
0x148255a3b10666d9788ec48bc61ea3e48974bf2c,eth,DMCCOIN,9,0,0
0x149af500734056b98572b66e6c771e57408e12e4,eth,Horizon,3,0,0
0x14a9a94e555fdd54c21d7f7e328e61d7ebece54b,bsc,LOOT Token,4,0,0
0x14c358b573a4ce45364a3dbd84bbb4dae87af034,bsc,DungeonSwap Token,7,0,0
0x14cf922aa1512adfc34409b63e18d391e4a86a2f,eth,ETH Strategy,24,0,0
0x151b1e2635a717bcdc836ecd6fbb62b674fe3e1d,bsc,Venus XVS,1,0,0
0x154a9f9cbd3449ad22fdae23044319d6ef2a1fab,bsc,CryptoBlades Skill Token,0,0,0
0x1559fa1b8f28238fd5d76d9f434ad86fd20d1559,eth,EDEN,5,0,0
0x15b543e986b8c34074dfc9901136d9355a537e7e,eth,Student Coin,3,0,0
0x1613957159e9b0ac6c80e824f7eea748a32a0ae2,bsc,pTokens CGG,5,0,0
0x1633b7157e7638c4d6593436111bf125ee74703f,bsc,Splintershards,1,0,0
0x1634e10c9155be623b5a52d6ca01c7a904d89b0a,eth,This Is Fine,3,0,0
0x164f12c8d7d16b905cc4f11e819a9fc5b183ef71,eth,dMarketplace Token,5,0,0
0x16939ef78684453bfdfb47825f8a5f714f12623a,bsc,Tezos Token,3,0,0
0x1776b223ff636d0d76adf2290821f176421dd889,eth,America,3,0,0
0x17837004ea685690b32dbead02a274ec4333a26a,eth,Bear Inu,0,0,0
0x1785113910847770290f5f840b4c74fc46451201,bsc,FABWELT,4,0,0
0x1796ae0b0fa4862485106a0de9b654efe301d0b2,bsc,Polkamon,7,0,0
0x17b7163cf1dbd286e262ddc68b553d899b93f526,bsc,Qubit Token,9,0,0
0x181de8c57c4f25eba9fd27757bbd11cc66a55d31,bsc,BelugaToken,12,0,0
0x1861c9058577c3b48e73d91d6f25c18b17fbffe0,bsc,DSLA,4,0,0
0x1894251aebcff227133575ed3069be9670e25db0,bsc,HALO COIN,7,0,0
0x18c4af61dbe6fd55d6470943b4ab8530777d009c,bsc,AgaTech,11,0,0
0x190b589cf9fb8ddeabbfeae36a813ffb2a702454,bsc,bDollar,8,0,0
0x193397bb76868c6873e733ad60d5953843ebc84e,bsc,MEMETOON,2,0,0
0x193f4a4a6ea24102f49b931deeeb931f6e32405d,bsc,TLOS,9,0,0
0x19a4866a85c652eb4a2ed44c42e4cb2863a62d51,bsc,Hodooi.com Token,5,0,0
0x19af07b52e5faa0c2b1e11721c52aa23172fe2f5,eth,MEMES ST,2,0,0
0x19be6f3f83d079d640720bda3b638a00a3b7ee20,bsc,Kitnet Token,1,0,0
0x19e6bfc1a6e4b042fb20531244d47e252445df01,bsc,Templar Token,1,0,0
0x19f78a898f3e3c2f40c6e0cd2ee5545f549d5e99,eth,Deputy Dawgs,2,0,0
0x1a11ea9d61588d756d9f1014c3cf0d226aedd279,eth,MILEI Token,3,0,0
0x1a57367c6194199e5d9aea1ce027431682dfb411,eth,MatrixETF DAO Finance,1,0,0
0x1a9b49e9f075c37fe5f86c916bac9deb33556d7e,bsc,ASPOToken,2,0,0
0x1af3f329e8be154074d8769d1ffa4ee058b1dbc3,bsc,Dai Token,3,0,0
0x1b3be8fcd2e7c5ce9c5c242e0066fdd9740220d0,eth,Licker,3,0,0
0x1ba8d3c4c219b124d351f603060663bd1bcd9bbf,bsc,TornadoCash,8,0,0
0x1bdd3cf7f79cfb8edbb955f20ad99211551ba275,bsc,Liquid Staking BNB,10,0,0
0x1bec41a36356d5574aeb068b599ab7e48dd008b8,bsc,DOGEFOOD,1,0,0
0x1bf7aedec439d6bfe38f8f9b20cf3dc99e3571c4,bsc,TRONPAD.network,3,0,0
0x1cc1aca0dae2d6c4a0e8ae7b4f2d01eabbc435ee,bsc,Stronghands Finance,4,0,0
0x1cc7047e15825f639e0752eb1b89e4225f5327f2,eth,Pullix,1,0,0
0x1ce0c2827e2ef14d5c4f29a091d735a204794041,bsc,Avalanche,8,0,0
0x1cf4592ebffd730c7dc92c1bdffdfc3b9efcf29a,eth,WAVES,0,0,0
0x1d229b958d5ddfca92146585a8711aecbe56f095,bsc,ZooToken,3,0,0
0x1d2f0da169ceb9fc7b3144628db156f3f6c60dbe,bsc,XRP Token,3,0,0
0x1d3437e570e93581bd94b2fd8fbf202d4a65654a,bsc,NanoByte Token,7,0,0
0x1d6cbdc6b29c6afbae65444a1f65ba9252b8ca83,bsc,TOR,1,0,0
0x1f39dd2bf5a27e2d4ed691dcf933077371777cb0,bsc,SnowCrash Token,3,0,0
0x1fa4a73a3f0133f0025378af00236f3abdee5d63,bsc,NEAR Protocol,8,0,0
0x1ffd0b47127fdd4097e54521c9e2c7f0d66aafc5,bsc,Tixl Token,10,0,0
0x2015bc0be96be4aea2aabc95522109acfec84c30,eth,WETH HEDZ,8,0,0
0x2047ab3072b52561596ce5e0131bdbb7c848538d,eth,bored token,2,0,0
0x20de22029ab63cf9a7cf5feb2b737ca1ee4c82a6,bsc,Chess,4,0,0
0x2167afa1c658dc5c4ec975f4af608ff075a8b8ae,bsc,EVAI,7,0,0
0x217ddead61a42369a266f1fb754eb5d3ebadc88a,eth,Donkey,3,0,0
0x21cd589a989615a9e901328d3c089bbca16d00b2,eth,X Money,3,0,0
0x22514ffb0d7232a56f0c24090e7b68f179faa940,bsc,QORPO Token,10,0,0
0x22830be0954ff3bf7929405c488b1bba54a7e0d3,bsc,BRCStarter,3,0,0
0x22b4fa9a13a0d303ad258ee6d62a6ac60364b0c9,bsc,Big Pump,2,0,0
0x22b6c31c2beb8f2d0d5373146eed41ab9ede3caf,eth,CocktailBar,2,0,0
0x22fffab2e52c4a1dff83b7db7ef319698d48667f,bsc,Bull,2,0,0
0x232fb065d9d24c34708eedbf03724f2e95abe768,bsc,Sheesha Finance,8,0,0
0x23396cf899ca06c4472205fc903bdb4de249d6fc,bsc,Wrapped UST Token,8,0,0
0x238950013fa29a3575eb7a3d99c00304047a77b5,bsc,Beeper Coin,24,0,0
0x23b8683ff98f9e4781552dfe6f12aa32814924e8,bsc,Jarvis Synthetic Euro,30,0,0
0x23ce9e926048273ef83be0a3a8ba9cb6d45cd978,bsc,Dalarnia,3,0,0
0x23e8a70534308a4aaf76fb8c32ec13d17a3bd89e,bsc,lUSD,6,0,0
0x243cacb4d5ff6814ad668c3e225246efa886ad5a,eth,Shina Inu,5,0,0
0x2442421fe1acc8a732251fc372892b5ff1fdd938,bsc,Deer Token,2,0,0
0x249ca82617ec3dfb2589c4c17ab7ec9765350a18,eth,Verse,0,0,0
0x249e38ea4102d0cf8264d3701f1a0e39c4f2dc3b,eth,THE TRUTH,3,0,0
0x24c19f7101c1731b85f1127eaa0407732e36ecdd,eth,Sharedstake.finance,16,0,0
0x24da31e7bb182cb2cabfef1d88db19c2ae1f5572,eth,SHIKOKU INU,5,0,0
0x250632378e573c6be1ac2f97fcdf00515d0aa91b,bsc,Binance Beacon ETH,8,0,0
0x25382fb31e4b22e0ea09cb0761863df5ad97ed72,bsc,Paragen,3,0,0
0x255494b830bd4fe7220b3ec4842cba75600b6c80,eth,Beast Seller,4,0,0
0x2559813bbb508c4c79e9ccce4703bcb1f149edd7,eth,HOURGLASS,1,0,0
0x256d1fce1b1221e8398f65f9b36033ce50b2d497,eth,Alvey Chain,1,0,0
0x25931894a86d47441213199621f1f2994e1c39aa,eth,ChainGPT,8,0,0
0x2596825a84888e8f24b747df29e11b5dd03c81d7,eth,Faith Tribe,7,0,0
0x2598c30330d5771ae9f983979209486ae26de875,bsc,Any Inu,2,0,0
0x25a528af62e56512a19ce8c3cab427807c28cc19,bsc,Formation Finance,4,0,0
0x261510dd6257494eea1dda7618dbe8a7b87870dd,bsc,Dehero Community Token,0,0,0
0x2620638eda99f9e7e902ea24a285456ee9438861,eth,Crust Storage Market,4,0,0
0x26a604dffe3ddab3bee816097f81d3c4a2a4cf97,eth,CorionX utility token,5,0,0
0x26d3163b165be95137cee97241e716b2791a7572,bsc,DSHARE,5,0,0
0x270b7748cdf8243bfe68face7230ef0fce695389,eth,Hinkal ETH,18,0,0
0x270ca21eb1a37cfe0e9a0e7582d8f897e013cdff,eth,Dogius Maximus,2,0,0
0x27ae27110350b98d564b9a3eed31baebc82d878d,bsc,CumRocket,10,0,0
0x27c78a7c10a0673c3509ccf63044aab92e09edac,eth,Butterfly Ai,6,0,0
0x27f103f86070cc639fef262787a16887d22d8415,eth,FOFO Token,5,0,0
0x283d480dfd6921055e9c335fc177bf8cb9c94184,eth,VIX777,3,0,0
0x2859e4544c4bb03966803b044a93563bd2d0dd4d,bsc,SHIBA INU,8,0,0
0x285db79fa7e0e89e822786f48a7c98c6c1dc1c7d,eth,Magic Internet Cash,5,0,0
0x28ce223853d123b52c74439b10b43366d73fd3b5,bsc,FAME MMA,2,0,0
0x28e58ee9932697f610de907a279684d30c407ba9,eth,Depinet,5,0,0
0x28e67eb7aaa8f5dd9cb7be2b2e3dad6b25edb1ab,eth,Freaky KEKE,31,0,0
0x29132062319aa375e764ef8ef756f2b28c77a9c9,bsc,BPAD,2,0,0
0x295b42684f90c77da7ea46336001010f2791ec8c,eth,Xi Token,9,0,0
0x29a63f4b209c29b4dc47f06ffa896f32667dad2c,bsc,PURSE TOKEN,5,0,0
0x2a17dc11a1828725cdb318e0036acf12727d27a2,bsc,Arena Token,7,0,0
0x2a414884a549ef5716bc1a4e648d3dc03f08b2cf,eth,PERQ,9,0,0
0x2a48ece377b87ce941406657b9278b4459595e06,bsc,Lunatics,3,0,0
0x2ab0e9e4ee70fff1fb9d67031e44f6410170d00e,bsc,XEN Crypto,4,0,0
0x2b37127988e4e5e9576b7a533d873c23cfbdb1e9,eth,ZENTIUM,6,0,0
0x2b591e99afe9f32eaa6214f7b7629768c40eeb39,eth,HEX,6,0,0
0x2c0687215aca7f5e2792d956e170325e92a02aca,eth,Earth 2 Essence,3,0,0
0x2c717059b366714d267039af8f59125cadce6d8c,bsc,MetaShooter,7,0,0
0x2c7f442aab99d5e18cfae2291c507c0b5f3c1eb5,eth,KEKO,6,0,0
0x2d060ef4d6bf7f9e5edde373ab735513c0e4f944,bsc,AITECH,2,0,0
0x2d5d69da90b4c02b95c802344b48e3e57ce220d7,eth,Beware of Geeks Bearing Grifts,1,0,0
0x2da719db753dfa10a62e140f436e1d67f2ddb0d6,eth,CERE Network,3,0,0
0x2ed9a5c8c13b93955103b9a7c167b67ef4d568a3,bsc,Mask Network,8,0,0
0x2ef52ed7de8c5ce03a4ef0efbe9b7450f2d7edc9,eth,Revain,10,0,0
0x2efa572467c50c04a6eed6742196c0d0d287c1bb,eth,Based Chad,5,0,0
0x2f573070e6090b3264fe707e2c9f201716f123c7,eth,Mumu,4,0,0
0x2f5fa8adf5f09a5f9de05b65fe82a404913f02c4,eth,TROLL 2.0,2,0,0
0x2fa5daf6fe0708fbd63b1a7d1592577284f52256,bsc,UnmarshalToken,4,0,0
0x2fb652314c3d850e9049057bbe9813f1eee882d3,eth,RocketX Exchange V2,6,0,0
0x2ff0b946a6782190c4fe5d4971cfe79f0b6e4df2,bsc,Mysterium,4,0,0
0x2ff3d0f6990a40261c66e1ff2017acbc282eb6d0,bsc,Venus SXP,1,0,0
0x3019bf2a2ef8040c242c9a4c5c4bd4c81678b2a1,bsc,Green Metaverse Token,8,0,0
0x3073f7aaa4db83f95e9fff17424f71d4751a3073,eth,Movement,9,0,0
0x30807d3b851a31d62415b8bb7af7dca59390434a,bsc,RadioShack Token,4,0,0
0x30ae41d5f9988d359c733232c6c693c0e645c77e,eth,Wrapped AyeAyeCoin,3,0,0
0x31471e0791fcdbe82fbf4c44943255e923f1b794,bsc,Plant vs Undead Token,0,0,0
0x3192ccddf1cdce4ff055ebc80f3f0231b86a7e30,bsc,Bsc-Peg INSUR Token,9,0,0
0x31d0a7ada4d4c131eb612db48861211f63e57610,bsc,BSCstarter,8,0,0
0x3203c9e46ca618c8c1ce5dc67e7e9d75f5da2377,bsc,Mobox,7,0,0
0x320ed4c7243e35a00f9ca30a1ae60929d15eae37,eth,The Blox Project,3,0,0
0x3256cade5f8cb1256ac2bd1e2d854dec6d667bdf,eth,Mogutou,5,0,0
0x32b86b99441480a7e5bd3a26c124ec2373e3f015,eth,BAD IDEA AI,2,0,0
0x32d7da6a7cf25ed1b86e1b0ee9a62b0252d46b16,bsc,Ginza,9,0,0
0x32f1518baace69e85b9e5ff844ebd617c52573ac,bsc,Dexsport Protocol Native Token,2,0,0
0x3301ee63fb29f863f2333bd4466acb46cd8323e6,eth,Akita Inu,4,0,0
0x330f4fe5ef44b4d0742fe8bed8ca5e29359870df,bsc,Jade Currency,0,0,0
0x334b3ecb4dca3593bccc3c7ebd1a1c1d1780fbf1,bsc,Venus DAI,1,0,0
0x339c72829ab7dd45c3c52f965e7abe358dd8761e,bsc,Wanaka Farm,3,0,0
0x33e07f5055173cf8febede8b21b12d1e2b523205,eth,Etherland,1,0,0
0x33f391f4c4fe802b70b77ae37670037a92114a7c,eth,Burp,4,0,0
0x347862372f7c8f83d69025234367ac11c5241db3,bsc,Kiirocoin,4,0,0
0x347e430b7cd1235e216be58ffa13394e5009e6e2,bsc,GAIA Everworld,4,0,0
0x34ba3af693d6c776d73c7fa67e2b2e79be8ef4ed,bsc,SHAMBALA,7,0,0
0x34df29dd880e9fe2cec0f85f7658b75606fb2870,eth,"What the fuck did you just fucking say about me, you little bitch? I'll have you know I graduated top of my class in the Navy Seals, and I've been involved in numerous secret raids on Al-Quaeda, and I have over 300 confirmed kills. I am trained in gorilla warfare and I'm the top sniper in the entire US armed forces. You are nothing to me but just another target. I will wipe you the fuck out with precision the likes of which has never been seen before on this Earth, mark my fucking words. You think you can get away with saying that shit to me over the Internet? Think again, fucker. As we speak I am contacting my secret network of spies across the USA and your IP is being traced right now so you better prepare for the storm, maggot. The storm that wipes out the pathetic little thing you call your life. You're fucking dead, kid. I can be anywhere, anytime, and I can kill you in over seven hundred ways, and that's just with my bare hands. Not only am I extensively trained in unarmed combat, but I have access to the entire arsenal of the United States Marine Corps and I will use it to its full extent to wipe your miserable ass off the face of the continent, you little shit. If only you could have known what unholy retribution your little clever comment was about to bring down upon you, maybe you would have held your fucking tongue. But you couldn't, you didn't, and now you're paying the price, you goddamn idiot. I will shit fury all over you and you will drown in it. You're fucking dead, kiddo.",3,0,0
0x352cb5e19b12fc216548a2677bd0fce83bae434b,bsc,BitTorrent,11,0,0
0x3541a5c1b04adaba0b83f161747815cd7b1516bc,eth,CitaDAO,2,0,0
0x3595e426a7808e2482667ee4e453ef280fbb9cf4,eth,Nose Candy,11,0,0
0x35bd01fc9d6d5d81ca9e055db88dc49aa2c699a8,eth,Friends With Benefits Pro,7,0,0
0x35de111558f691f77f791fb0c08b2d6b931a9d47,bsc,Chain Games,1,0,0
0x362033a25b37603d4c99442501fa7b2852ddb435,eth,MATRIùïè,3,0,0
0x368ce786ea190f32439074e8d22e12ecb718b44c,bsc,Epik Prime [via ChainPort.io],5,0,0
0x36f1f32c728c3f330409ec1f0928fa3ab3c8a76f,bsc,Adroverse Token,2,0,0
0x374c5fb7979d5fdbaad2d95409e235e5cbdfd43c,bsc,MiL.k,6,0,0
0x378e1be15be6d6d1f23cfe7090b6a77660dbf14d,eth,Foxe,2,0,0
0x381491960c37b65862819ced0e35385f04b2c78b,eth,„Éè„ÉÅÂÖ¨,3,0,0
0x384efd1e8b05c23dc392a40cb4e515e2229a5243,eth,Healix AI,3,0,0
0x3850952491606a0e420eb929b1a2e1a450d013f1,eth,PanoVerse,6,0,0
0x38d64ce1bdf1a9f24e0ec469c9cade61236fb4a0,eth,Vector ETH,8,0,0
0x38e68a37e401f7271568cecaac63c6b1e19130b4,eth,Banana,1,0,0
0x391cf4b21f557c935c7f670218ef42c21bd8d686,eth,Morphware,0,0,0
0x39795344cbcc76cc3fb94b9d1b15c23c2070c66d,eth,Seigniorage Shares,3,0,0
0x397deb686c72384fad502a81f4d7fdb89e1f1280,eth,Xels Token,12,0,0
0x39fbbabf11738317a448031930706cd3e612e1b9,eth,Wrapped XRP,0,0,0
0x3aa6b9a5306d1cd48b0466cfb130b08a70257e12,bsc,GORILLA FINANCE,0,0,0
0x3ad9594151886ce8538c1ff615efa2385a8c3a88,bsc,SafeMars,7,0,0
0x3b0e967ce7712ec68131a809db4f78ce9490e779,bsc,Souni Token,2,0,0
0x3b198e26e473b8fab2085b37978e36c9de5d7f68,bsc,ChronoTech Token,7,0,0
0x3bb1be077f3f96722ae92ec985ab37fd0a0c4c51,eth,Marv,2,0,0
0x3be7bf1a5f23bd8336787d0289b70602f1940875,eth,VIDT DAO,0,0,0
0x3c45a24d36ab6fc1925533c1f57bc7e1b6fba8a4,bsc,OptionRoom Token,0,0,0
0x3c6dad0475d3a1696b359dc04c99fd401be134da,bsc,SAITO,4,0,0
0x3c8d2fce49906e11e71cb16fa0ffeb2b16c29638,eth,Nifty League,13,0,0
0x3cb20d96e866d128bc469a6e66505d46d7f9baba,bsc,BIB,6,0,0
0x3cb48aeb3d1abadc23d2d8a6894b3a68338381c2,eth,PaladinAI,4,0,0
0x3da932456d082cba208feb0b096d49b202bf89c8,bsc,dego.finance,9,0,0
0x3e2242cb2fc1465822a0bb81ca2fe1f633a45757,bsc,Forky,2,0,0
0x3e43efbfa058d351a926fc611e997f2338adc2a4,eth,ORIGENT AI,4,0,0
0x3ee2200efb3400fabb9aacf31297cbdd1d435d47,bsc,Cardano Token,3,0,0
0x3ef144cb45c8a390eb207a6aa9bfcf3da639cb5c,bsc,MAGA Coin,7,0,0
0x3f56e0c36d275367b8c502090edf38289b3dea0d,bsc,Mai Stablecoin,5,0,0
0x3fcca8648651e5b974dd6d3e50f61567779772a8,bsc,Moonpot,4,0,0
0x3fefe29da25bea166fb5f6ade7b5976d2b0e586b,bsc,Roam Token,23,0,0
0x3ffeea07a27fab7ad1df5297fa75e77a43cb5790,eth,PeiPei,6,0,0
0x4027d91ecd3140e53ae743d657549adfeebb27ab,bsc,Chain of Legends Token,10,0,0
0x404d3295c8b1c61662068db584125a7ebcc0d651,eth,Mambo,2,0,0
0x40c8225329bd3e28a043b029e0d07a5344d2c27c,bsc,AgeOfGods,3,0,0
0x40e5a14e1d151f34fea6b8e6197c338e737f9bf2,eth,Valinity,14,0,0
0x40f85d6040df96ea14cd41142bcd244e14cf76f6,bsc,USD Coin Bridged ZED20,4,0,0
0x41065e3428188ba6eb27fbdde8526ae3af8e3830,bsc,Swash Token,19,0,0
0x410a56541bd912f9b60943fcb344f1e3d6f09567,bsc,Minto Bitcoin Hashrate Token,5,0,0
0x4168bbc34baea34e55721809911bca5baaef6ba6,eth,CEREAL,2,0,0
0x4197c6ef3879a08cd51e5560da5064b773aa1d29,bsc,ACryptoS,4,0,0
0x419905009e4656fdc02418c7df35b1e61ed5f726,eth,Resupply,10,0,0
0x42069f39c71816cea208451598425b492dd2b380,eth,Goompy,3,0,0
0x420b879b0d18cc182e7e82ad16a13877c3a88420,eth,Big Bud,3,0,0
0x422e3af98bc1de5a1838be31a56f75db4ad43730,bsc,CoinWind Token,3,0,0
0x426c72701833fddbdfc06c944737c6031645c708,bsc,DEFINA TOKEN,21,0,0
0x42f6f551ae042cbe50c739158b4f0cac0edb9096,bsc,Nerve,13,0,0
0x4338665cbb7b2485a8855a139b75d5e34ab0db94,bsc,Litecoin Token,3,0,0
0x4341bb2200176f89eb90eac4fd6cfe958e206005,bsc,EAFIN Token,3,0,0
0x4374f26f0148a6331905edf4cd33b89d8eed78d1,bsc,Yoshi.exchange,11,0,0
0x43b35e89d15b91162dea1c51133c4c93bdd1c4af,bsc,Sakai Vault,8,0,0
0x43f5b29d63cedc5a7c1724dbb1d698fde05ada21,bsc,Fodl,4,0,0
0x44108f0223a3c3028f5fe7aec7f9bb2e66bef82f,eth,Across Protocol Token,2,0,0
0x4437743ac02957068995c48e08465e0ee1769fbe,bsc,Fortress,0,0,0
0x445bd590a01fe6709d4f13a8f579c1e4846921db,eth,DUMMY,2,0,0
0x44754455564474a89358b2c2265883df993b12f0,bsc,ZeroSwapToken,4,0,0
0x44ec807ce2f4a6f2737a92e985f318d035883e47,bsc,Hashflow,2,0,0
0x44f161ae29361e332dea039dfa2f404e0bc5b5cc,bsc,Humanity,9,0,0
0x450e7f6e3a2f247a51b98c39297a9a5bfbdb3170,eth,ElonGoat,3,0,0
0x4550003152f12014558e5ce025707e4dd841100f,eth,Kaizen.Finance,9,0,0
0x45808ce43eb2d7685ff0242631f0feb6f3d8701a,bsc,EKTA v2,8,0,0
0x46305b2ebcd92809d5fcef577c20c28a185af03c,eth,Shadowladys DN404,11,0,0
0x464ebe77c293e473b48cfe96ddcf88fcf7bfdac0,eth,Kryll,6,0,0
0x4691937a7508860f876c9c0a2a617e7d9e945d4b,bsc,Wootrade Network,0,0,0
0x46d502fac9aea7c5bc7b13c8ec9d02378c33d36f,bsc,WolfSafePoorPeople,0,0,0
0x46fdcddfad7c72a621e8298d231033cc00e067c6,eth,Department Of Government Efficiency,3,0,0
0x473037de59cf9484632f4a27b509cfe8d4a31404,eth,GreenSatoshiToken,2,0,0
0x473f4068073cd5b2ab0e4cc8e146f9edc6fb52cc,eth,Nutcoin,3,0,0
0x474021845c4643113458ea4414bdb7fb74a01a77,bsc,UnoRe,4,0,0
0x475bfaa1848591ae0e6ab69600f48d828f61a80e,bsc,Everdome,3,0,0
0x477bc8d23c634c154061869478bce96be6045d12,bsc,SeedifyFund,0,0,0
0x478156deabfac918369044d52a6bdb5cc5597994,eth,Schrodinger,0,0,0
0x47bead2563dcbf3bf2c9407fea4dc236faba485a,bsc,Swipe,4,0,0
0x47c454ca6be2f6def6f32b638c80f91c9c3c5949,bsc,Games For A Living,2,0,0
0x4803ac6b79f9582f69c4fa23c72cb76dd1e46d8d,bsc,TopManager Token,12,0,0
0x4823a096382f4fa583b55d563afb9f9a58c72fc0,bsc,Arabic,12,0,0
0x482e6bd0a178f985818c5dfb9ac77918e8412fba,bsc,Colizeum,20,0,0
0x489580eb70a50515296ef31e8179ff3e77e24965,bsc,DappRadar,4,0,0
0x48c276e8d03813224bb1e55f953adb6d02fd3e02,eth,Kuma Inu,6,0,0
0x48d41fc014865c32be82c50ee647b6a4bfab38a8,eth,Kumaneene,4,0,0
0x48f9e38f3070ad8945dfeae3fa70987722e3d89c,eth,infiniFi USD,32,0,0
0x4947b72fed037ade3365da050a9be5c063e605a7,eth,Peanut,4,0,0
0x4a220e6096b25eadb88358cb44068a3248254675,eth,Quant,4,0,0
0x4a467232abe1472f9abeb49dcd2b34590222cae9,eth,Grid Protocol,3,0,0
0x4ad434b8cdc3aa5ac97932d6bd18b5d313ab0f6f,eth,EverMoon,3,0,0
0x4ae149fd6059af772b962efac6bf0236872d6940,eth,Lemmy The Bat,5,0,0
0x4b7ffcb2b92fb4890f22f62a52fb7a180eab818e,eth,DIVA Token,2,0,0
0x4ba0057f784858a48fe351445c672ff2a3d43515,bsc,Kalmar Token,4,0,0
0x4bd17003473389a42daf6a0a729f6fdb328bbbd7,bsc,VAI Stablecoin,2,0,0
0x4c769928971548eb71a3392eaf66bedc8bef4b80,bsc,HarryPotterObamaSonic10Inu,7,0,0
0x4c882ec256823ee773b25b414d36f92ef58a7c0c,bsc,pStake Finance,30,0,0
0x4cd0c43b0d53bc318cc5342b77eb6f124e47f526,eth,Ross Ulbricht Genesis Collection,0,0,0
0x4db5a66e937a9f4473fa95b1caf1d1e1d62e29ea,bsc,Wrapped Ether,5,0,0
0x4dfae3690b93c47470b03036a17b23c1be05127c,eth,Pepe,10,0,0
0x4e15361fd6b4bb609fa63c81a2be19d873717870,eth,Fantom Token,1,0,0
0x4e4990e997e1df3f6b39ff49384e2e7e99bc55fe,eth,Saudi Bonk,3,0,0
0x4e93bfcd6378e564c454bf99e130ae10a1c7b2dd,bsc,AIRBTC,0,0,0
0x4e9fcd48af4738e3bf1382009dc1e93ebfce698f,eth,TAO Inu,12,0,0
0x4ea98c1999575aaadfb38237dd015c5e773f75a2,bsc,MAGA,5,0,0
0x4f311c430540db1d64e635eb55f969f1660b2016,eth,Pepechain Token,5,0,0
0x4f7ea8f6487a7007ca054f35c4a7b961f5b18961,bsc,GoldenCat,0,0,0
0x4fe83213d56308330ec302a8bd641f1d0113a4cc,eth,NuCypher,5,0,0
0x4ff1f7ee6516dd1d14db83c2cbce06b69ad14444,bsc,Memecoin1,2,0,0
0x5027fc44a7ba114b8f494b1e4970900c6652fedf,eth,Arcana Network,3,0,0
0x502a641decfe32b1e3d030e05effb8ae5146e64b,bsc,rsPALM,4,0,0
0x50327c6c5a14dcade707abad2e27eb517df87ab5,eth,TRON,11,0,0
0x509a38b7a1cc0dcd83aa9d06214663d9ec7c7f4a,eth,BlocksquareToken,0,0,0
0x50d5118fb90d572b9d42ba65e0addc4900867809,eth,Osean,9,0,0
0x518445f0db93863e5e93a7f70617c05afa8048f1,bsc,BITTOKEN,4,0,0
0x522ec96bced6dc26325120edf3931d34e417a620,eth,Market Stalker,5,0,0
0x525536d71848f21b66da0d239546c50ee4c1a358,eth,Crypto Task Force,2,0,0
0x52662717e448be36cb54588499d5a8328bd95292,eth,TENSHI v2,6,0,0
0x52c7aa73dc430dab948eee73ea253383fd223420,eth,Big Back Bitcoin,8,0,0
0x53206bf5b6b8872c1bb0b3c533e06fde2f7e22e4,eth,Blepe,5,0,0
0x5362ca75aa3c0e714bc628296640c43dc5cb9ed6,eth,Dejitaru Hoshi,1,0,0
0x537be31d47fbb697b36a098932cfc1343ac5f538,bsc,Baby Rudi,2,0,0
0x5392ff4a9bd006dc272c1855af6640e17cc5ec0b,bsc,SafeX,4,0,0
0x53be7be0ce7f92bcbd2138305735160fb799be4f,eth,neutaro,2,0,0
0x54991328ab43c7d5d31c19d1b9fa048e77b5cd16,eth,Soil,6,0,0
0x551897f8203bd131b350601d3ac0679ba0fc0136,bsc,NFPrompt AI Token,22,0,0
0x551faab1027cc50efaea5bed092e330475c3cd99,bsc,MonbaseCoin,4,0,0
0x5582a479f0c403e207d2578963ccef5d03ba636f,eth,Salad,2,0,0
0x55ad16bd573b3365f43a9daeb0cc66a73821b4a5,bsc,OKZOO,2,0,0
0x5651fa7a726b9ec0cad00ee140179912b6e73599,bsc,OORT,9,0,0
0x57b96d4af698605563a4653d882635da59bf11af,eth,RCH Token,18,0,0
0x5845684b49aef79a5c0f887f50401c247dca7ac6,bsc,Cycle Network Token,26,0,0
0x584bc13c7d411c00c01a62e8019472de68768430,eth,Hegic,13,0,0
0x58d97b57bb95320f9a05dc918aef65434969c2b2,eth,Morpho Token,7,0,0
0x590830dfdf9a3f68afcdde2694773debdf267774,eth,Giza,24,0,0
0x59f4f336bf3d0c49dbfba4a74ebd2a6ace40539a,bsc,Catcoin,1,0,0
0x5a666c7d92e5fa7edcb6390e4efd6d0cdd69cf37,eth,UnmarshalToken,11,0,0
0x5b1d655c93185b06b00f7925791106132cb3ad75,eth,DarkMatter,2,0,0
0x5b6ebb33eea2d12eefd4a9b2aeaf733231169684,bsc,Weld.Money,1,0,0
0x5b7533812759b45c2b44c19e320ba2cd2681b542,eth,SingularityNET Token,10,0,0
0x5bb29c33c4a3c29f56f8aca40b4db91d8a5fe2c5,eth,ONS,8,0,0
0x5bdc32663ec75e85ff4abc2cae7ae8b606a2cfca,eth,Cookies Protocol,6,0,0
0x5caf454ba92e6f2c929df14667ee360ed9fd5b26,eth,Dev,4,0,0
0x5cb3ce6d081fb00d5f6677d196f2d70010ea3f4a,eth,Busy,6,0,0
0x5d3a536e4d6dbd6114cc1ead35777bab948e3643,eth,Compound Dai,1,0,0
0x5d60d8d7ef6d37e16ebabc324de3be57f135e0bc,eth,MyBit,2,0,0
0x5de597849cf72c72f073e9085bdd0dadd8e6c199,eth,FBX Token,6,0,0
0x5de869e3e62b0fb2c15573246ba3bb3fd97a2275,eth,Sheboshis,9,0,0
0x5e29cf3e3fed4df50acab95f8268e9ee26ea36f2,eth,Dacxi Coin,22,0,0
0x5e362eb2c0706bd1d134689ec75176018385430b,eth,Decentralized Validator Token,9,0,0
0x5e57f24415f37c7d304e85df9b4c36bc08789794,bsc,Barter BEP20,3,0,0
0x5f113f7ef20ff111fd130e83d8e97fd1e0e2518f,bsc,AiMalls,8,0,0
0x5f18ea482ad5cc6bc65803817c99f477043dce85,eth,Agility,2,0,0
0x5f320c3b8f82acfe8f2bb1c85d63aa66a7ff524f,bsc,Nelore Coin,0,0,0
0x5f39dd1bb6db20f3e792c4489f514794cac6392c,bsc,PlayNity token,5,0,0
0x5fc111f3fa4c6b32eaf65659cfebdeed57234069,eth,0xGasless,16,0,0
0x6006fc2a849fedaba8330ce36f5133de01f96189,eth,SHAKE token by SpaceSwap v2,4,0,0
0x6067490d05f3cf2fdffc0e353b1f5fd6e5ccdf70,bsc,MMPRO Token,5,0,0
0x6069c9223e8a5da1ec49ac5525d4bb757af72cd8,eth,MuskGold,4,0,0
0x60e254e35dd712394b3aba7a1d19114732e143dd,eth,RivusDAO,3,0,0
0x61ec85ab89377db65762e234c946b5c25a56e99e,bsc,HTX,11,0,0
0x62959c699a52ec647622c91e79ce73344e4099f5,eth,DeFine Art,3,0,0
0x633237c6fa30fae46cc5bb22014da30e50a718cc,bsc,Defi Warrior Token,3,0,0
0x6368e1e18c4c419ddfc608a0bed1ccb87b9250fc,eth,Tap,6,0,0
0x64b78325d7495d6d4be92f234fa3f3b8d8964b8b,eth,SHOP,5,0,0
0x64cf1e2cab86694ac8b31653460faa47a68f59f0,bsc,GamesCoin,3,0,0
0x65278f702019078e9ab196c0da0a6ee55e7248b7,eth,Wrapped Dione,17,0,0
0x6587eff07d9ae00f05fae2a3a032b2c1a1dfce41,bsc,Freedogs,2,0,0
0x65b3f4a4694b125ada8f9ebc2b79d6c7d4015d1b,eth,Steam22,3,0,0
0x661013bb8d1c95d86d9c85f76e9004561f1bb36f,eth,DeFi-Robot,3,0,0
0x66207e39bb77e6b99aab56795c7c340c08520d83,bsc,Rupiah Token,3,0,0
0x666acd390fa42d5bf86e9c42dc2fa6f6b4b2d8ab,eth,Gorth,5,0,0
0x6685906b75c61c57772c335402f594f855c1b0e3,bsc,Wilder World,6,0,0
0x668c50b1c7f46effbe3f242687071d7908aab00a,eth,CoShi Inu,8,0,0
0x66d79b8f60ec93bfce0b56f5ac14a2714e509a99,eth,MAP Protocol,24,0,0
0x677ddbd918637e5f2c79e164d402454de7da8619,eth,VUSD,18,0,0
0x678e840c640f619e17848045d23072844224dd37,eth,Cratos,1,0,0
0x679d2c23497d4431311ac001618cd0b8789ac29c,bsc,LinkFi,3,0,0
0x68449870eea84453044bd430822827e21fd8f101,eth,ZAIBOT.io,6,0,0
0x68aae81b4241ffe03d3552d42a69940604fe28bf,eth,Muffin,1,0,0
0x68de53b47be0dc566bf4673c748d58bbbad3deb1,bsc,DogeGrow,6,0,0
0x690031313d70c2545357f4487c6a3f134c434507,eth,QQQ6900,3,0,0
0x6942040b6d25d6207e98f8e26c6101755d67ac89,eth,Mellow Man,3,0,0
0x69420cb71f5fa439a84545e79557977c0600c46e,eth,TrumpEffect69420,3,0,0
0x6985884c4392d348587b19cb9eaaf157f13271cd,bsc,LayerZero,11,0,0
0x69bb12b8ee418e4833b8debe4a2bb997ab9ce18e,eth,Mohameme Bit Salman,3,0,0
0x69cbaf6c147086c3c234385556f8a0c6488d3420,eth,69420,6,0,0
0x69df2aaea7a40dad19c74e65192df0d0f7f7912b,bsc,ALITA,1,0,0
0x6ad0b271f4b3d7651ae9947a18bae29ca20d83eb,bsc,NFTWorkx,3,0,0
0x6adb2e268de2aa1abf6578e4a8119b960e02928f,eth,ShibaDoge,10,0,0
0x6b85f1fe36af537ce5085ef441c92de09af74f0e,bsc,Robotic Doge,7,0,0
0x6c6ee5e31d828de241282b9606c8e98ea48526e2,eth,HoloToken,1,0,0
0x6ccc8db8e3fd5ffdd2e7b92bd92e8e27baf704a8,bsc,3TH,2,0,0
0x6d06426a477200c385843a9ac4d4fd55346f2b7b,eth,Ginnan Neko,4,0,0
0x6d57f5c286e04850c2c085350f2e60aaa7b7c15b,bsc,Grok Girl,0,0,0
0x6df0e641fc9847c0c6fde39be6253045440c14d3,eth,Dinero Governance Token,8,0,0
0x6e9730ecffbed43fd876a264c982e254ef05a0de,eth,Nord Token,15,0,0
0x6ec90334d89dbdc89e08a133271be3d104128edb,bsc,WIKI CAT,0,0,0
0x6ec9a568881755c9698384cc6b5b13bf4064e12b,bsc,Optimus X,0,0,0
0x6f2dec5da475333b0af4a3ffc9a33b0211a9a452,eth,CryptoTwitter,2,0,0
0x6f40d4a6237c257fff2db00fa0510deeecd303eb,eth,Fluid,0,0,0
0x6fd2854cd1b05b8eb5f6d25c714184a92fedaf4f,bsc,O-megax,2,0,0
0x6fd46112c8ec76e7940dbfdc150774ee6eff27b2,eth,Homestar Runner,4,0,0
0x70e36f6bf80a52b3b46b3af8e106cc0ed743e8e4,eth,Compound Collateral,1,0,0
0x716bb5e0839451068885250442a5b8377f582933,eth,Fofar,4,0,0
0x71ab77b7dbb4fa7e017bc15090b2163221420282,eth,Highstreet token,2,0,0
0x71fc1f555a39e0b698653ab0b475488ec3c34d57,eth,Rainmaker Games,2,0,0
0x71fc860f7d3a592a4a98740e39db31d25db65ae8,eth,Aave Interest bearing USDT,5,0,0
0x722294f6c97102fb0ddb5b907c8d16bdeab3f6d9,bsc,Doodles,7,0,0
0x72a76965eb8f606675f119dae89deda557fdbf01,bsc,eIQT Token,3,0,0
0x7316d973b0269863bbfed87302e11334e25ea565,eth,Ken,2,0,0
0x73374ea518de7addd4c2b624c0e8b113955ee041,eth,Juggernaut DeFi,3,0,0
0x73d7c860998ca3c01ce8c808f5577d94d545d1b4,eth,Ixs Token,4,0,0
0x740a5ac14d0096c81d331adc1611cf2fd28ae317,eth,Plebz,0,0,0
0x7434a5066dc317fa5b4d31aaded5088b9c54d667,eth,Cult,6,0,0
0x75231f58b43240c9718dd58b4967c5114342a86c,eth,OKB,1,0,0
0x75d86078625d1e2f612de2627d34c7bc411c18b8,eth,AGII,4,0,0
0x75e88b8c2d34a52a6d36deada664d7dc9116e4ef,eth,Zaros Finance,7,0,0
0x765f0c16d1ddc279295c1a7c24b0883f62d33f75,eth,DaTa eXchange Token,2,0,0
0x766d2fcece1e3eef32aae8711ab886ee95fd5b2a,eth,MAGA VP,1,0,0
0x76bc677d444f1e9d57daf5187ee2b7dc852745ae,eth,Offshift,10,0,0
0x77146784315ba81904d654466968e3a7c196d1f3,eth,Treehouse Token,7,0,0
0x777172d858dc1599914a1c4c6c9fc48c99a60990,eth,Solidly,0,0,0
0x782f97c02c6ace8a3677c4a4c495d048ad67dba2,eth,Social Lens AI,4,0,0
0x7849241ccff81511f26c2a86ef9d96624e948975,eth,ACORE AI Token,12,0,0
0x798bcb35d2d48c8ce7ef8171860b8d53a98b361d,eth,Meta Pool DAO Token,3,0,0
0x799a290f9cc4085a0ce5b42b5f2c30193a7a872b,bsc,Elderglade,3,0,0
0x799ebfabe77a6e34311eeee9825190b9ece32824,eth,BTRST,1,0,0
0x7a4effd87c2f3c55ca251080b1343b605f327e3a,eth,Restaking Vault ETH,9,0,0
0x7afd0d633e0a2b1db97506d97cadc880c894eca9,eth,MARUTARO,3,0,0
0x7b4bf9feccff207ef2cb7101ceb15b8516021acd,bsc,MilkyWay,9,0,0
0x7b665b2f633d9363b89a98b094b1f9e732bd8f86,bsc,Amazy Token,22,0,0
0x7b66e84be78772a3afaf5ba8c1993a1b5d05f9c2,eth,IP Tokens of IPNFT #28,12,0,0
0x7bc3485026ac48b6cf9baf0a377477fff5703af8,eth,Wrapped Aave Ethereum USDT,9,0,0
0x7c1156e515aa1a2e851674120074968c905aaf37,eth,Level USD,20,0,0
0x7c1941e49e388daf3d75ec2d187d49eca86392ea,bsc,LICKO,0,0,0
0x7c3b00cb3b40cc77d88329a58574e29cfa3cb9e2,bsc,MintStakeShare,24,0,0
0x7c84e62859d0715eb77d1b1c4154ecd6abb21bec,eth,Shping Coin,0,0,0
0x7db13e8b9eaa42fc948268b954dd4e6218cc4cb1,bsc,Fight Win Ai,1,0,0
0x7e4c9923fd8f18442532a737365c1bfb52579d2f,eth,ArcadiaOS,9,0,0
0x7eeab3de47a475fd2dec438aef05b128887c6105,eth,TROPPY,3,0,0
0x7f14ce2a5df31ad0d2bf658d3840b1f7559d3ee0,bsc,NFsTay.com,3,0,0
0x7f39c581f595b53c5cb19bd0b3f8da6c935e2ca0,eth,Wrapped liquid staked Ether 2.0,13,0,0
0x7f792db54b0e580cdc755178443f0430cf799aca,bsc,Volt Inu,3,0,0
0x80122c6a83c8202ea365233363d3f4837d13e888,eth,Messier,1,0,0
0x8074836637eb9cc73a01a65d5700907fc639c4e9,eth,DuelNow,9,0,0
0x807534b396919783b7e30383fe57d857bc084338,eth,Test,2,0,0
0x80795a7bb55f003b1572411a271e31f73e03dd73,eth,daumenfrosch,3,0,0
0x80810a9c31e7243a0bfb9919b0b4020378d1c134,eth,The Republican Party,3,0,0
0x808688c820ab080a6ff1019f03e5ec227d9b522b,eth,Bag,0,0,0
0x809b05ff167c7d70425951753bc0eb0fcc8e491f,eth,CallofMeme,1,0,0
0x80f0c1c49891dcfdd40b6e0f960f84e6042bcb6f,eth,DBXen Token,17,0,0
0x8143182a775c54578c8b7b3ef77982498866945d,eth,Wrapped QUIL,22,0,0
0x814a870726edb7dfc4798300ae1ce3e5da0ac467,eth,daCat,9,0,0
0x814e0908b12a99fecf5bc101bb5d0b8b5cdf7d26,eth,Measurable Data Token,1,0,0
0x817162975186d4d53dbf5a7377dd45376e2d2fc5,eth,Wrapped REACT,3,0,0
0x8182ac1c5512eb67756a89c40fadb2311757bd32,bsc,Nether,7,0,0
0x81987681443c156f881b70875724cc78b08ada26,eth,Mirai,2,0,0
0x820802fa8a99901f52e39acd21177b0be6ee2974,eth,EUROe Stablecoin,10,0,0
0x8236a87084f8b84306f72007f36f2618a5634494,eth,Lombard Staked Bitcoin,9,0,0
0x824a50df33ac1b41afc52f4194e2e8356c17c3ac,bsc,KickToken,23,0,0
0x8263cd1601fe73c066bf49cc09841f35348e3be0,bsc,Altura,3,0,0
0x82d36570842fc1ac2a3b4dbe0e7c5c0e2e665090,eth,nfinityAI,3,0,0
0x830a8512db4f6fca51968593e2667156c2c483a8,eth,WEN Token,17,0,0
0x83e9f223e1edb3486f876ee888d76bfba26c475a,eth,BlockchainSpace,4,0,0
0x8400d94a5cb0fa0d041a3788e395285d61c9ee5e,eth,UniBright,0,0,0
0x841c1297f5485ecd72e7a9b62de5ef19f81c8af3,bsc,DPIN,2,0,0
0x846c66cf71c43f80403b51fe3906b3599d63336f,eth,PumaPay,6,0,0
0x84c97300a190676a19d1e13115629a11f8482bd1,bsc,DotDot,2,0,0
0x84f4f7cdb4574c9556a494dab18ffc1d1d22316c,bsc,KING SHIBA,1,0,0
0x84fd7cc4cd689fc021ee3d00759b6d255269d538,bsc,Pankuku,7,0,0
0x8561d6829189db74ea1165b7d2bc633616891695,eth,Flo,2,0,0
0x85eee30c52b0b379b046fb0f85f4f3dc3009afec,eth,KEEP Token,4,0,0
0x868fced65edbf0056c4163515dd840e9f287a4c3,bsc,Sign,6,0,0
0x87de305311d5788e8da38d19bb427645b09cb4e5,eth,Verox,1,0,0
0x88691f292b76bf4d2caa5678a54515fae77c33af,bsc,Xpense,2,0,0
0x8888888809b788cd6e40a2d27e67425d5d0b5d3b,bsc,Wrapped CTH Token,25,0,0
0x89e8e084cc60e6988527f0904b4be71656e8bfa9,eth,Smog,5,0,0
0x8a74bc8c372bc7f0e9ca3f6ac0df51be15aec47a,bsc,PULSEPAD.io,4,0,0
0x8a7b7b9b2f7d0c63f66171721339705a6188a7d5,eth,EtherDoge,1,0,0
0x8ab2ff0116a279a99950c66a12298962d152b83c,eth,Ordiswap,3,0,0
0x8b4c03308579a0c4166b44f84565d97378303247,bsc,Madonna del gatto,3,0,0
0x8b9ee39195ea99d6ddd68030f44131116bc218f6,bsc,PeaqOFT,6,0,0
0x8baf5d75cae25c7df6d1e0d26c52d19ee848301a,eth,Catalorian,4,0,0
0x8c1bed5b9a0928467c9b1341da1d7bd5e10b6549,eth,Liquid Staked ETH,9,0,0
0x8c543aed163909142695f2d2acd0d55791a9edb9,eth,VLX,7,0,0
0x8c6bf16c273636523c29db7db04396143770f6a0,eth,MoonRabbit,3,0,0
0x8c9532a60e0e7c6bbd2b2c1303f63ace1c3e9811,eth,Renzo Restaked LST ,9,0,0
0x8ccd897ca6160ed76755383b201c1948394328c7,eth,Wrapped Balance AI,20,0,0
0x8cd0d76c0ad377378ab6ce878a7be686223497ee,bsc,Hydracoin,6,0,0
0x8ce9137d39326ad0cd6491fb5cc0cba0e089b6a9,eth,Swipe,3,0,0
0x8dd09822e83313adca54c75696ae80c5429697ff,eth,Sifu Vision,5,0,0
0x8e0fe2947752be0d5acf73aae77362daf79cb379,eth,NFTrade Token,2,0,0
0x8e1e6bf7e13c400269987b65ab2b5724b016caef,bsc,MITO,9,0,0
0x8e57c27761ebbd381b0f9d09bb92ceb51a358abb,eth,extraDNA,4,0,0
0x8ea5219a16c2dbf1d6335a6aa0c6bd45c50347c5,bsc,OpenOcean,9,0,0
0x8f081eb884fd47b79536d28e2dd9d4886773f783,eth,beCoin,16,0,0
0x8f3470a7388c05ee4e7af3d01d8c722b0ff52374,eth,Veritaseum,0,0,0
0x8f693ca8d21b157107184d29d398a8d082b38b76,eth,Streamr,18,0,0
0x8fb238058e71f828f505582e65b1d14f8cf52067,bsc,DAR Open Network,10,0,0
0x8fe815417913a93ea99049fc0718ee1647a2a07c,eth,XSwap,9,0,0
0x901a020915bc3577d85d29f68024b4c5e240b8cd,eth,BlastUP Token,11,0,0
0x9025daa1fe2d27700187e0eac670818945f94c2e,bsc,Stage,3,0,0
0x90869b3a42e399951bd5f5ff278b8cc5ee1dc0fe,bsc,REX,24,0,0
0x910812c44ed2a3b611e4b051d9d83a88d652e2dd,eth,PLEDGE,24,0,0
0x9158df7da69b048a296636d5de7a3d9a7fb25e88,bsc,Kalijo,3,0,0
0x91af0fbb28aba7e31403cb457106ce79397fd4e6,eth,Aergo,8,0,0
0x91fbb2503ac69702061f1ac6885759fc853e6eae,eth,K9 Finance DAO,3,0,0
0x921d3a6ed8223afb6358410f717e2fb13cbae700,bsc,QRKITA TOKEN,9,0,0
0x922e2708462c7a3d014d8344f7c4d92b27ecf332,eth,Neuroni.AI,3,0,0
0x926759a8eaecfadb5d8bdc7a9c7b193c5085f507,eth,Nura Labs,4,0,0
0x936b6659ad0c1b244ba8efe639092acae30dc8d6,bsc,CO,2,0,0
0x9393fdc77090f31c7db989390d43f454b1a6e7f3,eth,DarkEnergyCrystals,4,0,0
0x93ed3fbe21207ec2e8f2d3c3de6e058cb73bc04d,eth,Pinakion,1,0,0
0x940a2db1b7008b6c776d4faaca729d6d4a4aa551,eth,Dusk Network,6,0,0
0x945cd29a40629ada610c2f6eba3f393756aa4444,bsc,USD1DOGE,2,0,0
0x948d2a81086a075b3130bac19e4c6dee1d2e3fe8,bsc,Helmet.insure Governance Token,3,0,0
0x949d48eca67b17269629c7194f4b727d4ef9e5d6,bsc,Merit Circle,3,0,0
0x94a21565c923d2f75b3fcef158960a8b7e6ed07d,eth,MerchMinter,6,0,0
0x94a8b4ee5cd64c79d0ee816f467ea73009f51aa0,bsc,Realio Network,5,0,0
0x94b69263fca20119ae817b6f783fc0f13b02ad50,bsc,League Of Ancients,0,0,0
0x94db03752342bc9b5bbf89e3bf0132494f0cb2b3,bsc,Dogai,11,0,0
0x9528cceb678b90daf02ca5ca45622d5cbaf58a30,bsc,Go Crypto Me,1,0,0
0x955d5c14c8d4944da1ea7836bd44d54a8ec35ba1,eth,REFUND,0,0,0
0x9573c88ae3e37508f87649f87c4dd5373c9f31e0,bsc,Monsta Infinite Token,0,0,0
0x95a1199eba84ac5f19546519e287d43d2f0e1b41,bsc,Rabbit Coin,4,0,0
0x95c78222b3d6e262426483d42cfa53685a67ab9d,bsc,Venus BUSD,1,0,0
0x95ee03e1e2c5c4877f9a298f1c0d6c98698fab7b,bsc,Duet Governance Token,9,0,0
0x9617857e191354dbea0b714d78bc59e57c411087,bsc,Lympo Market Token,4,0,0
0x963556de0eb8138e97a85f0a86ee0acd159d210b,bsc,MELEGA,2,0,0
0x965b0df5bda0e7a0649324d78f03d5f7f2de086a,bsc,Poly-Peg COOK,7,0,0
0x965f527d9159dce6288a2219db51fc6eef120dd1,bsc,Biswap,11,0,0
0x96665680f4889891f3209713cb9a8205dce7278d,eth,NYX CIPHER,4,0,0
0x9678e42cebeb63f23197d726b29b1cb20d0064e5,bsc,IoTeX Network,8,0,0
0x968f6f898a6df937fc1859b323ac2f14643e3fed,bsc,Newscrypto,4,0,0
0x9727eaf447203be268e5d471b6503bf47a71ea72,eth,Arky,4,0,0
0x97b17ac9a0c4bf03cf3b9ed2ee6e397fb319705b,bsc,BNBULL,0,0,0
0x9840652dc04fb9db2c43853633f0f62be6f00f98,bsc,ChainGPT,2,0,0
0x986ee2b944c42d017f52af21c4c69b84dbea35d8,eth,BitMartToken,1,0,0
0x98968f0747e0a261532cacc0be296375f5c08398,eth,MoonCats,5,0,0
0x990f341946a3fdb507ae7e52d17851b87168017c,eth,Strong,7,0,0
0x993864e43caa7f7f12953ad6feb1d1ca635b875f,eth,Singularity Dao,2,0,0
0x999e62f80d2c8ec8adfbf041b06239c6ae6d8492,bsc,ROOMCON,2,0,0
0x99c6e435ec259a7e8d65e1955c9423db624ba54c,bsc,Finminity,4,0,0
0x9a26e6d24df036b0b015016d1b55011c19e76c87,bsc,Dragon Mainland Shards,2,0,0
0x9ab70e92319f0b9127df78868fd3655fb9f1e322,bsc,WeWay Token,0,0,0
0x9ab778f84b2397c7015f7e83d12eee47d4c26694,eth,Bitecoin,4,0,0
0x9acb099a6460dead936fe7e591d2c875ae4d84b8,eth,Tokabu,2,0,0
0x9b0b23b35ad8136e6181f22b346134ce5f426090,eth,Cino Token,3,0,0
0x9b208b117b2c4f76c1534b6f006b033220a681a4,bsc,Wrapped Dingocoin,0,0,0
0x9ba6a67a6f3b21705a46b380a1b97373a33da311,bsc,Chainport.io-Peg Fear NFTs,5,0,0
0x9ba77c059b5a59a220aa648a6bd97986fb1bf0a9,eth,AGENTSYS AI,4,0,0
0x9be89d2a4cd102d8fecc6bf9da793be995c22541,eth,Binance Wrapped BTC,2,0,0
0x9c27c4072738cf4b7b0b7071af0ad5666bddc096,bsc,NianNian,2,0,0
0x9c65ab58d8d978db963e63f2bfb7121627e3a739,bsc,MDX Token,8,0,0
0x9c67638c4fa06fd47fb8900fc7f932f7eab589de,bsc,ARKER,6,0,0
0x9cd9c5a44cb8fab39b2ee3556f5c439e65e4fddd,bsc,MARS4 [via ChainPort.io],8,0,0
0x9cf0ed013e67db12ca3af8e7506fe401aa14dad6,eth,SPECTRE AI,0,0,0
0x9d0d41df4ca809dc16a9bff646d3c6cbc4ebc707,bsc,Rezor,1,0,0
0x9d173e6c594f479b4d47001f8e6a95a7adda42bc,bsc,CryptoZoon,6,0,0
0x9d1a74967eca155782edf8e84782c74db33fc499,eth,AI.COM,3,0,0
0x9e10f61749c4952c320412a6b26901605ff6da1d,eth,THEOS,4,0,0
0x9e3b5582b22e3835896368017baff6d942a41cd9,eth,Haven1,18,0,0
0x9f589e3eabe42ebc94a44727b3f3531c0c877809,bsc,Tokocrypto Token,12,0,0
0x9fb9a33956351cf4fa040f65a13b835a3c8764e3,bsc,Multichain,4,0,0
0x9fd87aefe02441b123c3c32466cd9db4c578618f,bsc,Thetan Gem,5,0,0
0xa0084063ea01d5f09e56ef3ff6232a9e18b0bacd,eth,CyberDEX,3,0,0
0xa01000c52b234a92563ba61e5649b7c76e1ba0f3,bsc,ROCKI,10,0,0
0xa026ad2ceda16ca5fc28fd3c72f99e2c332c8a26,bsc,XCAD Token,5,0,0
0xa02c49da76a085e4e1ee60a6b920ddbc8db599f4,eth,Shiba Inu Treat,3,0,0
0xa045e37a0d1dd3a45fefb8803d22457abc0a728a,bsc,Grizzly Honey,10,0,0
0xa0cb0ce7c6d93a7ebd72952feb4407dddee8a194,bsc,ShibaKen.Finance,7,0,0
0xa14b0b99c9117ea2f4fb2c9d772d95d9fd3acaab,bsc,Broccoli,2,0,0
0xa15c7ebe1f07caf6bff097d8a589fb8ac49ae5b3,eth,Pundi X Token,1,0,0
0xa184088a740c695e156f91f5cc086a06bb78b827,bsc,AUTOv2,5,0,0
0xa18bbdcd86e4178d10ecd9316667cfe4c4aa8717,bsc,BNBXBT,2,0,0
0xa1aa371e450c5aee7fff259cbf5cca9384227272,eth,PentagonChain,18,0,0
0xa1e349fac47e50b42cd323c4285ef4622b60a5e0,eth,Pepy,3,0,0
0xa1f410f13b6007fca76833ee7eb58478d47bc5ef,eth,Rejuve Token,6,0,0
0xa1faa113cbe53436df28ff0aee54275c13b40975,bsc,AlphaToken,8,0,0
0xa2120b9e674d3fc3875f415a7df52e382f141225,bsc,Automata,10,0,0
0xa21af1050f7b26e0cff45ee51548254c41ed6b5c,eth,Osaka Protocol,5,0,0
0xa2b726b1145a4773f68593cf171187d8ebe4d495,bsc,Injective Protocol,8,0,0
0xa2b8e02ce95b54362f8db7273015478dd725d7e7,eth,MEME CUP,3,0,0
0xa2e3356610840701bdf5611a53974510ae27e2e1,bsc,Wrapped Binance Beacon ETH,9,0,0
0xa41f142b6eb2b164f8164cae0716892ce02f311f,bsc,Avocado DAO Token,6,0,0
0xa49d7499271ae71cd8ab9ac515e6694c755d400c,eth,Mute.io,3,0,0
0xa4b6573c9ae09d81e4d1360e6402b81f52557098,bsc,COR Token,4,0,0
0xa53e61578ff54f1ad70186be99332a6e20b6ffa9,bsc,Golden Doge,12,0,0
0xa562912e1328eea987e04c2650efb5703757850c,eth,Drops,4,0,0
0xa57ac35ce91ee92caefaa8dc04140c8e232c2e50,bsc,Pitbull,8,0,0
0xa58950f05fea2277d2608748412bf9f802ea4901,bsc,Wall Street Games,4,0,0
0xa5c45d48d36607741e90c0cca29545a46f5ee121,eth,Chiba,3,0,0
0xa677bc9bdb10329e488a4d8387ed7a08b2fc9005,bsc,Magic Power Token,4,0,0
0xa6c0c097741d55ecd9a3a7def3a8253fd022ceb9,eth,AVA,10,0,0
0xa849eaae994fb86afa73382e9bd88c2b6b18dc71,eth,Mass Vehicle Ledger Token,0,0,0
0xa856098dcbc1b2b3a9c96c35c32bc4f71e49aed2,bsc,FinceptorToken,2,0,0
0xa8b12cc90abf65191532a12bb5394a714a46d358,eth,POW BTC-35W/T,3,0,0
0xa90298e5b1203a2dd0006a75eabe158989c406fb,bsc,Blue Protocol,14,0,0
0xa92e7c82b11d10716ab534051b271d2f6aef7df5,eth,Ara Token,0,0,0
0xa9c41a46a6b3531d28d5c32f6633dd2ff05dfb90,bsc,WaultSwap,8,0,0
0xaa076b62efc6f357882e07665157a271ab46a063,bsc,Pleasure Coin,2,0,0
0xaa4e3edb11afa93c41db59842b29de64b72e355b,eth,MarginSwap,1,0,0
0xab93df617f51e1e415b5b4f8111f122d6b48e55c,eth,Delta Exchange Token,4,0,0
0xabd4c63d2616a5201454168269031355f4764337,eth,Orderly Network,3,0,0
0xac472d0eed2b8a2f57a6e304ea7ebd8e88d1d36f,bsc,Anime,3,0,0
0xac51066d7bec65dc4589368da368b212745d63e8,bsc,ALICE,3,0,0
0xac6708e83698d34cd5c09d48249b0239008d0ccf,eth,Fort Knox,3,0,0
0xac83271abb4ec95386f08ad2b904a46c61777cef,bsc,NFTrade Token [via ChainPort.io],5,0,0
0xacb2d47827c9813ae26de80965845d80935afd0b,bsc,MacaronSwap Token,12,0,0
0xacb8f52dc63bb752a51186d1c55868adbffee9c1,bsc,BunnyPark,4,0,0
0xace3574b8b054e074473a9bd002e5dc6dd3dff1b,bsc,RBX,25,0,0
0xacf34edcc424128cccc730bf85cdaceebcb3eece,bsc,Voice Street Token,2,0,0
0xad29abb318791d579433d831ed122afeaf29dcfe,bsc,Fantom,8,0,0
0xad6742a35fb341a9cc6ad674738dd8da98b94fb1,bsc,Wombat Token,16,0,0
0xadd39272e83895e7d3f244f696b7a25635f34234,eth,Pepe Unchained,1,0,0
0xaddb6dc7e2f7caea67621dd3ca2e8321ade33286,eth,Sharp AI,4,0,0
0xae2df9f730c54400934c06a17462c41c08a06ed8,bsc,DogeBonk.com,7,0,0
0xae9269f27437f0fcbc232d39ec814844a51d6b8f,bsc,Burger Swap,1,0,0
0xaec945e04baf28b135fa7c640f624f8d90f1c3a6,bsc,Coin98,4,0,0
0xaee433adebe0fbb88daa47ef0c1a513caa52ef02,eth,PontoonToken,10,0,0
0xaef0d72a118ce24fee3cd1d43d383897d05b4e99,bsc,WINk,8,0,0
0xaf05ce8a2cef336006e933c02fc89887f5b3c726,eth,Lockheed Martin Inu,5,0,0
0xaf41054c1487b0e5e2b9250c0332ecbce6ce9d71,bsc,Ellipsis X,5,0,0
0xaf4144cd943ed5362fed2bae6573184659cbe6ff,eth,Lizcoin,50,0,0
0xaf53d56ff99f1322515e54fdde93ff8b3b7dafd5,bsc,Prometeus,3,0,0
0xaf6162dc717cfc8818efc8d6f46a41cf7042fcba,bsc,Universal Store of Value,1,0,0
0xaf8b894229bc800658ab0faf744e97c8c74c4321,eth,Black Lemon Ai,2,0,0
0xb003c68917bab76812797d1b8056822f48e2e4fe,bsc,YUMMY,1,0,0
0xb01cf1be9568f09449382a47cd5bf58e2a9d5922,bsc,LightSpeed,2,0,0
0xb01dd87b29d187f3e3a4bf6cdaebfb97f3d9ab98,eth,Bold Stablecoin,19,0,0
0xb0415d55f2c87b7f99285848bd341c367feac1ea,eth,R0AR TOKEN,6,0,0
0xb0b195aefa3650a6908f15cdac7d92f8a5791b0b,bsc,BOB,0,0,0
0xb0d502e938ed5f4df2e681fe6e419ff29631d62b,bsc,StargateToken,4,0,0
0xb0e1fc65c1a741b4662b813eb787d369b8614af1,bsc,Impossible Finance,4,0,0
0xb0ffa8000886e57f86dd5264b9582b2ad87b2b91,eth,Wormhole Token,6,0,0
0xb149b030cfa47880af0bde4cd36539e4c928b3eb,bsc,NUTGAIN,1,0,0
0xb1957bdba889686ebde631df970ece6a7571a1b6,bsc,Defi Tiger,7,0,0
0xb1c064c3f2908f741c9dea4afc5773238b53e6cc,eth,WarioXrpDumbledoreYugioh69Inu,2,0,0
0xb244b3574a5627849fca2057e3854340def63071,eth,Veil,4,0,0
0xb248a295732e0225acd3337607cc01068e3b9c10,bsc,Venus XRP,1,0,0
0xb2617246d0c6c0087f18703d576831899ca94f01,eth,ZigCoin,3,0,0
0xb2bd0749dbe21f623d9baba856d3b0f0e1bfec9c,bsc,Dusk Network,3,0,0
0xb2ea51baa12c461327d12a2069d47b30e680b69d,bsc,Space Crown,6,0,0
0xb3a6381070b1a15169dea646166ec0699fdaea79,bsc,CyberDragon Gold,8,0,0
0xb44b653f147569d88a684cbf6549e1968e8b2a1d,eth,2DAI.io,1,0,0
0xb44c63a09adf51f5e62cc7b63628b1b789941fa0,bsc,Reflex,2,0,0
0xb465f3cb6aba6ee375e12918387de1eac2301b05,bsc,Trivian Token,2,0,0
0xb5102cee1528ce2c760893034a4603663495fd72,bsc,dForce USD,8,0,0
0xb5130f4767ab0acc579f25a76e8f9e977cb3f948,eth,Godcoin,10,0,0
0xb58e61c3098d85632df34eecfb899a1ed80921cb,eth,Frankencoin,4,0,0
0xb59490ab09a0f526cc7305822ac65f2ab12f9723,bsc,Litentry,4,0,0
0xb5be8d87fce6ce87a24b90abdb019458a8ec31f9,bsc,OBORTECH,4,0,0
0xb5c5fc6d3576ae31b24dc18e5bcb8a4822f13333,eth,WhaleAI,5,0,0
0xb62132e35a6c13ee1ee0f84dc5d40bad8d815206,eth,Nexo,2,0,0
0xb624960aaad05d433075a5c9e760adec26036934,eth,Monke coin,3,0,0
0xb624fde1a972b1c89ec1dad691442d5e8e891469,eth,The SporkDAO Token,8,0,0
0xb626213cb1d52caa1ed71e2a0e62c0113ed8d642,bsc,HUGHUG,5,0,0
0xb6c53431608e626ac81a9776ac3e999c5556717c,bsc,pTokens TLOS,5,0,0
0xb6ca7399b4f9ca56fc27cbff44f4d2e4eef1fc81,eth,Muse,27,0,0
0xb6ff96b8a8d214544ca0dbc9b33f7ad6503efd32,eth,SYNC,3,0,0
0xb700597d8425ced17677bc68042d7d92764acf59,bsc,FaceDAO,2,0,0
0xb74f399aac8335e44a50ffb8f7ece74b9db8c30e,eth,NALA,3,0,0
0xb86abcb37c3a4b64f74f59301aff131a1becc787,bsc,Zilliqa,8,0,0
0xb87b96868644d99cc70a8565ba7311482edebf6e,eth,OnChain Pepe 404,3,0,0
0xb8c77482e45f1f44de1745f52c74426c631bdd52,eth,BNB,0,0,0
0xb939da54f9748440a1b279d42be1296942732288,eth,Fonzy,2,0,0
0xba25b2281214300e4e649fead9a6d6acd25f1c0a,eth,Tree,23,0,0
0xba2ae424d960c26247dd6c32edc70b295c744c43,bsc,Dogecoin,8,0,0
0xbabe3ce7835665464228df00b03246115c30730a,eth,Baby Neiro,3,0,0
0xbac1df744df160877cdc45e13d0394c06bc388ff,bsc,NFTmall GEM Token,23,0,0
0xbb0fa2fbe9b37444f5d1dbd22e0e5bdd2afbbe85,bsc,USD Mars,8,0,0
0xbb126042235e6bd38b17744cb31a8bf4a206c045,eth,fanC Token,3,0,0
0xbb1b031c591235408755ff4e0739cb88c5cf2507,bsc,PAAL AI,6,0,0
0xbb46693ebbea1ac2070e59b4d043b47e2e095f86,bsc,BFG Token,3,0,0
0xbb8ecf8d1342e086c9a751ee1b31a8320007379f,eth,NEXARA,3,0,0
0xbbca42c60b5290f2c48871a596492f93ff0ddc82,bsc,Domi,2,0,0
0xbc33b4d48f76d17a1800afcb730e8a6aaada7fe5,bsc,Bifrost Voucher DOT,9,0,0
0xbc7370641ddcf16a27eea11230af4a9f247b61f9,bsc,XANA,0,0,0
0xbc7d6b50616989655afd682fb42743507003056d,bsc,Alchemy,4,0,0
0xbd2949f67dcdc549c6ebe98696449fa79d988a9f,bsc,Wrapped MTRG on BSC by Meter.io,9,0,0
0xbd4c4dc19f208cda6caacadadc0bff4cd975fa34,bsc,Dogs Rock,1,0,0
0xbdc7c08592ee4aa51d06c27ee23d5087d65adbcd,eth,Lift Dollar,9,0,0
0xbddc20ed7978b7d59ef190962f441cd18c14e19f,eth,Crypto Asset Governance Alliance,9,0,0
0xbe0ed4138121ecfc5c0e56b40517da27e6c5226b,eth,Aethir Token,22,0,0
0xbe1a001fe942f96eea22ba08783140b9dcc09d28,bsc,Beta Token,21,0,0
0xbe92b510007bd3ec0adb3d1fca338dd631e98de7,eth,Degen,2,0,0
0xbef26bd568e421d6708cca55ad6e35f8bfa0c406,eth,bitsCrunch Token,9,0,0
0xbf05279f9bf1ce69bbfed670813b7e431142afa4,bsc,Million,4,0,0
0xbf358f7023d6fd0d11ac284eb47b877c1af635aa,eth,ArcheriumAi,3,0,0
0xbf5140a22578168fd562dccf235e5d43a02ce9b1,bsc,Uniswap,8,0,0
0xc00e94cb662c3520282e6f5717214004a7f26888,eth,Compound,1,0,0
0xc06caead870d3a8af2504637b6c5b7248bed6116,eth,Business Coin,3,0,0
0xc08512927d12348f6620a698105e1baac6ecd911,eth,GMO JPY,3,0,0
0xc08cd26474722ce93f4d0c34d16201461c10aa8c,bsc,CARV,12,0,0
0xc092a137df3cf2b9e5971ba1874d26487c12626d,eth,Ring AI,7,0,0
0xc0ecb8499d8da2771abcbf4091db7f65158f1468,bsc,SWTH Token,5,0,0
0xc0eff7749b125444953ef89682201fb8c6a917cd,bsc,Horizon Protocol,7,0,0
0xc114d80a2a188f30400b3cd545c5e296f0b04c3f,eth,Rita Elite Order,0,0,0
0xc1165227519ffd22fdc77ceb1037b9b284eef068,bsc,bns.finance,3,0,0
0xc13b7a43223bb9bf4b69bd68ab20ca1b79d81c75,bsc,Juggernaut DeFi,3,0,0
0xc18c07a18198a6340cf4d94855fe5eb6dd33b46e,eth,Qlindo Realestate Investment Token,9,0,0
0xc28eb2250d1ae32c7e74cfb6d6b86afc9beb6509,eth,Open Ecosystem Token,1,0,0
0xc2e9d07f66a89c44062459a47a0d2dc038e4fb16,bsc,Staked BNB,10,0,0
0xc3028fbc1742a16a5d69de1b334cbce28f5d7eb3,bsc,StarSharks,2,0,0
0xc350caa89eb963d5d6b964324a0a7736d8d65533,bsc,InfiniteeToken,3,0,0
0xc36983d3d9d379ddfb306dfb919099cb6730e355,eth,Colle AI,4,0,0
0xc4b7af50644c661e270fbb8da770049c9fc0bbe1,eth,Gelios,8,0,0
0xc4c75f2a0cb1a9acc33929512dc9733ea1fd6fde,eth,Martin Shkreli Inu,5,0,0
0xc5326b32e8baef125acd68f8bc646fd646104f1c,bsc,ZAP TOKEN,2,0,0
0xc53708664b99df348dd27c3ac0759d2da9c40462,bsc,GourmetGalaxy,4,0,0
0xc58c1117da964aebe91fef88f6f5703e79bda574,bsc,teleBTC,9,0,0
0xc5e6689c9c8b02be7c49912ef19e79cf24977f03,bsc,AlpaToken,8,0,0
0xc64500dd7b0f1794807e67802f8abbf5f8ffb054,eth,Locus Chain,0,0,0
0xc67b12049c2d0cf6e476bc64c7f82fc6c63cffc5,eth,GDT,0,0,0
0xc6dddb5bc6e61e0841c54f3e723ae1f3a807260b,bsc,Aurox Token,9,0,0
0xc6ec7898b0bdf5ac41fbabdbe19250ca4917c5a6,bsc,Felis,7,0,0
0xc7091aa18598b87588e37501b6ce865263cd67ce,bsc,CheesecakeSwap Token,7,0,0
0xc719d010b63e5bbf2c0551872cd5316ed26acd83,eth,Decentralized Insurance Protocol,6,0,0
0xc71b5f631354be6853efe9c3ab6b9590f8302e81,eth,Polyhedra Network,20,0,0
0xc748673057861a797275cd8a068abb95a902e8de,bsc,Baby Doge Coin,7,0,0
0xc7981767f644c7f8e483dabdc413e8a371b83079,bsc,Liquidus,3,0,0
0xc864019047b864b6ab609a968ae2725dfaee808a,bsc,BIT TOKEN,7,0,0
0xc8d3dcb63c38607cb0c9d3f55e8ecce628a01c36,eth,MatrixSwapToken,10,0,0
0xc9457161320210d22f0d0d5fc1309acb383d4609,bsc,Dovu,10,0,0
0xc9849e6fdb743d08faee3e34dd2d1bc69ea11a51,bsc,Bunny Token,12,0,0
0xc9d23ed2adb0f551369946bd377f8644ce1ca5c4,bsc,Hyperlane,9,0,0
0xc9eb61ffb66d5815d643bbb8195e17c49687ae1e,eth,Morpheus Infrastructure Node,8,0,0
0xc9fe6e1c76210be83dc1b5b20ec7fd010b0b1d15,eth,Fringe,2,0,0
0xca76bf98b6e44df7360da8650e701f6d9d94bb58,eth,MemeLinked,3,0,0
0xca830317146bfdde71e7c0b880e2ec1f66e273ee,bsc,PolyGod,6,0,0
0xca9b8d6df0729d85dcfc8ef8bb18af1ad1990786,bsc,Catboy,4,0,0
0xcab254f1a32343f11ab41fbde90ecb410cde348a,eth,Froge,3,0,0
0xcab84bc21f9092167fcfe0ea60f5ce053ab39a1e,eth,Block,6,0,0
0xcaf5191fc480f43e4df80106c7695eca56e48b18,bsc,DEAPCOIN,4,0,0
0xcb43c88c980ff3a2c3f45f125d9886e7aabcd017,eth,FREAK OFF,5,0,0
0xcb69e5750f8dc3b69647b9d8b1f45466ace0a027,eth,XiaoBai,5,0,0
0xcb76314c2540199f4b844d4ebbc7998c604880ca,eth,Strawberry AI,4,0,0
0xcbd55d4ffc43467142761a764763652b48b969ff,eth,AstroTools.io,9,0,0
0xcbd9f6d748dd3d19416f8914528a65c7838e27d8,bsc,R-Games,9,0,0
0xcbfef8fdd706cde6f208460f2bf39aa9c785f05d,eth,Kine Governance Token,5,0,0
0xccc8cb5229b0ac8069c51fd58367fd1e622afd97,eth,Gods Unchained,5,0,0
0xcccccccccc33d538dbc2ee4feab0a7a1ff4e8a94,eth,Centrifuge,6,0,0
0xcd883a18f8d33cf823d13cf2c6787c913d09e640,bsc,TalentIDO,17,0,0
0xcda4e840411c00a614ad9205caec807c7458a0e3,eth,PureFi Token,5,0,0
0xce872db165d4f5623af9c29e03afd416bc5f67bc,eth,StakeVault,3,0,0
0xceb24c99579e6140517d59c8dd4f5b36d84ed6de,bsc,Phecda,3,0,0
0xcf10117b30c7a5fc7c77b611bfc2555610dd4b3a,bsc,NOTAI,3,0,0
0xcf6bb5389c92bdda8a3747ddb454cb7a64626c63,bsc,Venus,0,0,0
0xcf9560b9e952b195d408be966e4f6cf4ab8206e5,eth,Doctor Evil,8,0,0
0xcfcecfe2bd2fed07a9145222e8a7ad9cf1ccd22a,bsc,Adshares,7,0,0
0xcff252a3299be44fa73402966f30a0159308b2ad,eth,Envoy A.I,0,0,0
0xd073e6341a3aa6c4d94c4f8f20fbd1ede572b0da,eth,MetaCene,3,0,0
0xd16cb89f621820bc19dae1c29c9db6d22813b01d,bsc,Coinbidex,1,0,0
0xd16fd95d949f996e3808eeea0e3881c59e76ef1e,eth,ParaWerx,3,0,0
0xd1b5651e55d4ceed36251c61c50c889b36f6abb5,eth,Stake DAO CRV,2,0,0
0xd1f2586790a5bd6da1e443441df53af6ec213d83,eth,Ledger Ai,10,0,0
0xd21d29b38374528675c34936bf7d5dd693d2a577,bsc,Parsiq Token,6,0,0
0xd26114cd6ee289accf82350c8d8487fedb8a0c07,eth,OMGToken,5,0,0
0xd2adc1c84443ad06f0017adca346bd9b6fc52cab,eth,dFund,1,0,0
0xd2bdaaf2b9cc6981fd273dcb7c04023bfbe0a7fe,eth,Aviator,18,0,0
0xd32d01a43c869edcd1117c640fbdcfcfd97d9d65,bsc,Nominex,4,0,0
0xd39ba5680e5a59ed032054485a0a8d2d5a6a2366,bsc,Mcoin,2,0,0
0xd3c325848d7c6e29b574cb0789998b2ff901f17e,bsc,ArtWallet,3,0,0
0xd3fd63209fa2d55b07a0f6db36c2f43900be3094,eth,Wrapped Savings rUSD,16,0,0
0xd40bedb44c081d2935eeba6ef5a3c8a31a1bbe13,bsc,Metahero,2,0,0
0xd41fdb03ba84762dd66a0af1a6c8540ff1ba5dfb,bsc,SafePal Token,4,0,0
0xd44fd09d74cd13838f137b590497595d6b3feea4,bsc,CryptoMines Eternal,2,0,0
0xd47bdf574b4f76210ed503e0efe81b58aa061f3d,eth,TRVL,9,0,0
0xd48474e7444727bf500a32d5abe01943f3a59a64,bsc,BitBook,0,0,0
0xd48d639f72ef29458b72cdc9a47a95fa46101529,bsc,HelpKidz Coin,1,0,0
0xd4e245848d6e1220dbe62e155d89fa327e43cb06,eth,Aave Ethereum FRAX,4,0,0
0xd4fbc57b6233f268e7fba3b66e62719d74deecbc,bsc,Modefi,4,0,0
0xd502f487e1841fdc805130e13eae80c61186bc98,eth,Integral,2,0,0
0xd528cf2e081f72908e086f8800977df826b5a483,eth,Paribus,4,0,0
0xd555498a524612c67f286df0e0a9a64a73a7cdc7,eth,DeFrogs,6,0,0
0xd5930c307d7395ff807f2921f12c5eb82131a789,eth,Bolt Token,4,0,0
0xd5d0322b6bab6a762c79f8c81a0b674778e13aed,bsc,Firo,8,0,0
0xd632bd021a07af70592ce1e18717ab9aa126decb,bsc,Kangal,1,0,0
0xd69a0a9682f679f50e34de40105a93bebb2ff43d,eth,Mackerel,3,0,0
0xd6fdde76b8c1c45b33790cc8751d5b88984c44ec,bsc,StrikeX,1,0,0
0xd721706581d97ecd202bbab5c71b5a85f0f78e69,eth,DOGE-1,3,0,0
0xd73f32833b6d5d9c8070c23e599e283a3039823c,bsc,Waterfall Governance Token,3,0,0
0xd74b782e05aa25c50e7330af541d46e18f36661c,bsc,RichQUACK.com,7,0,0
0xd7730681b1dc8f6f969166b29d8a5ea8568616a3,bsc,Nafter,3,0,0
0xd8047afecb86e44eff3add991b9f063ed4ca716b,bsc,Good Games Guild,2,0,0
0xd843713a7e6b3627cca4e7f70d34318d72708152,eth,Furo,2,0,0
0xd85a6ae55a7f33b0ee113c234d2ee308edeaf7fd,eth,Cobak Token,2,0,0
0xd86571bfb6753c252764c4ae37fd54888774d32e,eth,Kabosu,3,0,0
0xd8695414822e25ab796c1d360914ddf510a01138,eth,Kreaitor,3,0,0
0xd88611a629265c9af294ffdd2e7fa4546612273e,eth,MPRO,25,0,0
0xd888a5460fffa4b14340dd9fe2710cbabd520659,eth,ProtoKOLs,3,0,0
0xd88ca08d8eec1e9e09562213ae83a7853ebb5d28,bsc,xWIN Token,13,0,0
0xd89336eac00e689d218c46cdd854585a09f432b3,bsc,lUSD,9,0,0
0xd8c978de79e12728e38aa952a6cb4166f891790f,eth,Roaring Kitty,3,0,0
0xd8dd38ca016f3e0b3bc545d33cce72af274ce075,eth,Swing,18,0,0
0xd9025e25bb6cf39f8c926a704039d2dd51088063,bsc,Coinary Token,19,0,0
0xd9780513292477c4039dfda1cfcd89ff111e9da5,bsc,Tegro,3,0,0
0xd98560689c6e748dc37bc410b4d3096b1aa3d8c2,bsc,DeFi For You.,14,0,0
0xd9c2d319cd7e6177336b0a9c93c21cb48d84fb54,bsc,HAPI,10,0,0
0xd9e90df21f4229249e8841580cde7048bf935710,bsc,Shield Protocol,2,0,0
0xd9ebbc7970e26b4eced7323b9331763e8272d011,eth,TYBENG,19,0,0
0xdaacb0ab6fb34d24e8a67bfa14bf4d95d4c7af92,bsc,pNetwork Token,5,0,0
0xdac17f958d2ee523a2206206994597c13d831ec7,eth,Tether USD,3,0,0
0xdae0fafd65385e7775cf75b1398735155ef6acd2,eth,Truth,9,0,0
0xdae6c2a48bfaa66b43815c5548b10800919c993e,bsc,Kattana,4,0,0
0xdaecc7ddd6df9c7840018d4d4fdf9599e101481c,bsc,XHUNT,3,0,0
0xdb021b1b247fe2f1fa57e0a87c748cc1e321f07f,bsc,AMPL secured by Meter Passport,5,0,0
0xdbdb4d16eda451d0503b854cf79d55697f90c8df,eth,Alchemix,10,0,0
0xdc300854b0ef52650057158e8a33afe703525539,eth,Bet More,6,0,0
0xdc49a53e1f15fd7fd522e0691cb570f442e9ca6c,bsc,Quorium,4,0,0
0xdc5e9445169c73cf21e1da0b270e8433cac69959,eth, Ethereum,1,0,0
0xdc9cb148ecb70876db0abeb92f515a5e1dc9f580,eth,Green Bitcoin,1,0,0
0xdd16ec0f66e54d453e6756713e533355989040e4,eth,Tokenomy,0,0,0
0xdd325c38b12903b727d16961e61333f4871a70e0,bsc,Elephant Money Stable,4,0,0
0xddbcdd8637d5cedd15eeee398108fca05a71b32b,eth,Cryptify AI,6,0,0
0xddc0dbd7dc799ae53a98a60b54999cb6ebb3abf0,bsc,SafeBLAST,7,0,0
0xde3dbbe30cfa9f437b293294d1fd64b26045c71a,bsc,NFTB,3,0,0
0xde4ee8057785a7e8e800db58f9784845a5c2cbd6,eth,Dexe,8,0,0
0xde914ed9f96853ab95df19481bd14f0fd9dc2249,bsc,Vulpe Finance,3,0,0
0xdf2c7238198ad8b389666574f2d8bc411a4b7428,eth,Mainframe Token,4,0,0
0xdf87270e04bc5ac140e93571d0dd0c6f4a058b41,eth,Moolahverse,20,0,0
0xdf9e1a85db4f985d5bb5644ad07d9d7ee5673b5e,bsc,MM72,10,0,0
0xdfa7e9c060dc5292c881eb48cfe26b27aef5f0d9,bsc,BNBGPT,2,0,0
0xe00e6919895929090c2d5342ae8375c169cf8888,bsc,Binants,23,0,0
0xe0191fefdd0d2b39b1a2e4e029ccda8a481b7995,bsc,CryptoMines Reborn,2,0,0
0xe02df9e3e622debdd69fb838bb799e3f168902c5,bsc,BakeryToken,12,0,0
0xe0ad1806fd3e7edf6ff52fdb822432e847411033,eth,OnX.finance,8,0,0
0xe0e514c71282b6f4e823703a39374cf58dc3ea4f,bsc,BELT Token,5,0,0
0xe0f94ac5462997d2bc57287ac3a3ae4c31345d66,bsc,CEEK,4,0,0
0xe138c66982fd5c890c60b94fdba1747faf092c20,bsc,Offshift ,16,0,0
0xe1c8d908f0e495cf6d8459547d1d28b72bf04bf2,eth,TesseractAI,6,0,0
0xe1d7c7a4596b038ced2a84bf65b8647271c53208,eth,NFTY Token,3,0,0
0xe1ec350ea16d1ddaff57f31387b2d9708eb7ce28,eth,Pepechain,0,0,0
0xe20b9e246db5a0d21bf9209e4858bc9a3ff7a034,bsc,Wrapped Banano,5,0,0
0xe215f9575e2fafff8d0d3f9c6866ac656bd25bd9,bsc,ducky,2,0,0
0xe2604c9561d490624aa35e156e65e590eb749519,bsc,GoldMiner,4,0,0
0xe283d0e3b8c102badf5e8166b73e02d96d92f688,bsc,Elephant Money,7,0,0
0xe2a59d5e33c6540e18aaa46bf98917ac3158db0d,bsc,PureFi Token,8,0,0
0xe336a772532650bc82828e9620dd0d5a3b78bfe8,bsc,DigiMetaverse,4,0,0
0xe34ba9cbdf45c9d5dcc80e96424337365b6fe889,eth,Medusa,1,0,0
0xe3894cb9e92ca78524fb6a30ff072fa5e533c162,bsc,Everlasting Parachain Token,4,0,0
0xe3f53c0d48360de764ddc2a1a82c3e6db5d4624d,bsc,EMoneyToken,7,0,0
0xe4b4c008ff36e3c50c4299c223504a480de9c833,eth,Secret Society,2,0,0
0xe4e11e02aa14c7f24db749421986eaec1369e8c9,bsc,Minati,0,0,0
0xe4fae3faa8300810c835970b9187c268f55d998f,bsc,CateCoin,9,0,0
0xe50365f5d679cb98a1dd62d6f6e58e59321bcddf,eth,LAToken,1,0,0
0xe5097d9baeafb89f9bcb78c9290d545db5f9e9cb,eth,Hummingbot Governance Token,2,0,0
0xe53ec727dbdeb9e2d5456c3be40cff031ab40a55,eth,SuperFarm,7,0,0
0xe5b826ca2ca02f09c1725e9bd98d9a8874c30532,eth,ZEON,5,0,0
0xe5ba47fd94cb645ba4119222e34fb33f59c7cd90,bsc,Safuu,0,0,0
0xe60779cc1b2c1d0580611c526a8df0e3f870ec48,eth,unshETHing_Token,16,0,0
0xe60eaf5a997dfae83739e035b005a33afdcc6df5,bsc,Deri,0,0,0
0xe6884e29ffe5c6f68f4958cf201b0e308f982ac9,bsc,Vegasino,2,0,0
0xe6df05ce8c8301223373cf5b969afcb1498c5528,bsc,BNB48 Club Token,4,0,0
0xe6ffa2e574a8bbeb5243d2109b6b11d4a459f88b,bsc,Hippo Token,4,0,0
0xe75f2acafba1ad56c5ed712ffbc1d31910e74396,eth,Komputai,20,0,0
0xe79031b5aaeb3ee8d0145e3d75b81b36bffe341d,eth,Boppy The Bat,3,0,0
0xe7c9c6bc87b86f9e5b57072f907ee6460b593924,bsc,TOWER,4,0,0
0xe7f58a92476056627f9fdb92286778abd83b285f,eth,DecentraWeb,10,0,0
0xe80772eaf6e2e18b651f160bc9158b2a5cafca65,bsc,USD+,10,0,0
0xe8176d414560cfe1bf82fd73b986823b89e4f545,bsc,StepHero,3,0,0
0xe842e272a18625319cc36f64eb9f97e5ad0c32af,eth,YAK,10,0,0
0xe87e15b9c7d989474cb6d8c56b3db4efad5b21e8,bsc,Hokkaido Inu,0,0,0
0xe90d1567ecef9282cc1ab348d9e9e2ac95659b99,bsc,CoinxPad,0,0,0
0xe91a8d2c584ca93c7405f15c22cdfe53c29896e3,bsc,DEXTools,4,0,0
0xe9732d4b1e7d3789004ff029f032ba3034db059c,eth,Patriot,4,0,0
0xe973e453977195422b48e1852a207b7ee9c913c7,eth,ADreward,0,0,0
0xe9c803f48dffe50180bd5b01dc04da939e3445fc,bsc,Velas,7,0,0
0xe9e7cea3dedca5984780bafc599bd69add087d56,bsc,BUSD Token,3,0,0
0xea26c4ac16d4a5a106820bc8aee85fd0b7b2b664,eth,QuarkChain Token,1,0,0
0xea36af87df952fd4c9a05cd792d370909bbda8db,eth,OFFICIAL K-POP,7,0,0
0xea89199344a492853502a7a699cc4230854451b8,bsc,Onino,3,0,0
0xeb2b7d5691878627eff20492ca7c9a71228d931d,bsc,CREPE,0,0,0
0xeb953eda0dc65e3246f43dc8fa13f35623bdd5ed,bsc,Rainicorn,3,0,0
0xebaffc2d2ea7c66fb848c48124b753f93a0a90ec,bsc,ASIA COIN,4,0,0
0xebb66a88cedd12bfe3a289df6dfee377f2963f12,eth,Oscar,4,0,0
0xec12ba5ac0f259e9ac6fc9a3bc23a76ad2fde5d9,eth,HugeWin,20,0,0
0xeca41281c24451168a37211f0bc2b8645af45092,bsc,TokenPocket Token,3,0,0
0xeca88125a5adbe82614ffc12d0db554e2e2867c8,bsc,Venus USDC,1,0,0
0xeceb87cf00dcbf2d4e2880223743ff087a995ad9,bsc,NUM Token [via ChainPort.io],5,0,0
0xed00fc7d48b57b81fe65d1ce71c0985e4cf442cb,bsc,Chirpley Token,14,0,0
0xed0439eacf4c4965ae4613d77a5c2efe10e5f183,eth,shroom.finance,8,0,0
0xed28a457a5a76596ac48d87c0f577020f6ea1c4c,bsc,pTokens BTC,5,0,0
0xed4e879087ebd0e8a77d66870012b5e0dffd0fa4,eth,AstroPepeX,2,0,0
0xed8c8aa8299c10f067496bb66f8cc7fb338a3405,bsc,Prosper,8,0,0
0xedc3be0080f65c628964f44ba3f2b6057e60f8dc,eth,DASH,5,0,0
0xedd52d44de950ccc3b2e6abdf0da8e99bb0ec480,bsc,CRAZY TIGER,0,0,0
0xee7e8c85956d32c64bafdcded3f43b3c39b1ce2f,bsc,WEB4 AI,7,0,0
0xee81ca267b8357ba30049d679027ebf65fcf7458,bsc,VOPO,4,0,0
0xee9801669c6138e84bd50deb500827b776777d28,bsc,O3 Swap Token,8,0,0
0xeeb4d8400aeefafc1b2953e0094134a887c76bd8,eth,Avail,20,0,0
0xeee352f77f28d31601eb20d3de09d7729ca2dc79,bsc,AUSTIN Token,1,0,0
0xeeeeeb57642040be42185f49c52f7e9b38f8eeee,bsc,Elk,18,0,0
0xef53462838000184f35f7d991452e5f25110b207,eth,Knit Finance,3,0,0
0xef8e456967122db4c3c160314bde8d2602ad6199,eth,Wagmi Coin,2,0,0
0xf02c2dc9b3cb7f1ba21ccd82dff4ebc92da8996f,eth,TensorScan AI,6,0,0
0xf0a949b935e367a94cdfe0f2a54892c2bc7b2131,eth,Affine ultraETHs 2.0,6,0,0
0xf0dcf7ac48f8c745f2920d03dff83f879b80d438,bsc,Gami Token,18,0,0
0xf16e81dce15b08f326220742020379b855b87df9,bsc,IceToken,4,0,0
0xf1f508c7c9f0d1b15a76fba564eef2d956220cf7,eth,Pepedex,8,0,0
0xf1f955016ecbcd7321c7266bccfb96c68ea5e49b,eth,Rally,8,0,0
0xf21768ccbc73ea5b6fd3c687208a7c2def2d966e,bsc,Reef.finance,11,0,0
0xf218184af829cf2b0019f8e6f0b2423498a36983,bsc,MATH Token,7,0,0
0xf293d23bf2cdc05411ca0eddd588eb1977e8dcd4,eth,Sylo,0,0,0
0xf2a22b900dde3ba18ec2aef67d4c8c1a0dab6aac,eth,Monkeys,3,0,0
0xf2b688b2201979d44fdf18d1d8c641305cf560ba,bsc,Devomon,3,0,0
0xf2c88757f8d03634671208935974b60a2a28bdb3,bsc,MyShell Token,27,0,0
0xf2dfdbe1ea71bbdcb5a4662a16dbf5e487be3ebe,eth,DeCloud,4,0,0
0xf307910a4c7bbc79691fd374889b36d8531b08e3,bsc,Ankr,3,0,0
0xf38deb975d9a34bc2b8f678de0c1d53692363851,eth,Metabrawl,4,0,0
0xf39e4b21c84e737df08e2c3b32541d856f508e48,bsc,Yooldo Games,24,0,0
0xf3e07812ebc8604fddb0aa35ff79a03f48f48948,bsc,JournArt,2,0,0
0xf3e66b03d098d0482be9cb3d6999787231a93ed9,eth,PromptIDE,4,0,0
0xf3f3d7f713df0447e9595d9b830a5f00297070e4,bsc,MOTHEREARTH,3,0,0
0xf411903cbc70a74d22900a5de66a2dda66507255,eth,VERA,14,0,0
0xf4172630a656a47ece8616e75791290446fa41a0,eth,PEPPA,2,0,0
0xf418588522d5dd018b425e472991e52ebbeeeeee,eth,Ethereum Push Notification Service,2,0,0
0xf4c0efc13ea4221ad8278fb53727015471dce938,eth,SP500,3,0,0
0xf4d861575ecc9493420a3f5a14f85b13f0b50eb3,eth,Fractal Protocol Token,10,0,0
0xf4ed363144981d3a65f42e7d0dc54ff9eef559a1,bsc,FaraCrystal,7,0,0
0xf508fcd89b8bd15579dc79a6827cb4686a3592c8,bsc,Venus ETH,1,0,0
0xf57e7e7c23978c3caec3c3548e3d615c346e79ff,eth,Immutable X,5,0,0
0xf59c6767dfb5aa9e908cb8d1831d02e53312e8ff,eth,EyzoAI,3,0,0
0xf5d8a096cccb31b9d7bce5afe812be23e3d4690d,bsc,HappyFans,3,0,0
0xf5f52266a57e6d7312da39bd7ab9527b9e975c40,eth,Agents Virtual Machine,4,0,0
0xf606bd19b1e61574ed625d9ea96c841d4e247a32,bsc,Guardian,7,0,0
0xf67366e83cc9b115ef8cca93baed1f03e6d3ca9a,eth,MindVerse,4,0,0
0xf6ce4be313ead51511215f1874c898239a331e37,eth,Bird Dog,4,0,0
0xf75302720787c2a2176c87b1919059c4eaac8b98,eth,CFGI,2,0,0
0xf7554eac0bf20d702e69d08c425e817abb976aea,eth,Make America Healthy Again,4,0,0
0xf7686f43591302cd9b4b9c4fe1291473fae7d9c9,bsc,Chainport.io-Peg Lossless Token,5,0,0
0xf7844cb890f4c339c497aeab599abdc3c874b67a,bsc,NFTArt.Finance,7,0,0
0xf78d2e7936f5fe18308a3b2951a93b6c4a41f5e2,bsc,MANTRA DAO,8,0,0
0xf7b6d7e3434cb9441982f9534e6998c43eef144a,bsc,Asva,17,0,0
0xf859bf77cbe8699013d6dbc7c2b926aaf307f830,bsc,Berry Tributes,1,0,0
0xf8a0bf9cf54bb92f17374d9e9a321e6a111a51bd,bsc,ChainLink Token,3,0,0
0xf938346d7117534222b48d09325a6b8162b3a9e7,eth,Choppy,1,0,0
0xf952fc3ca7325cc27d15885d37117676d25bfda6,bsc,Goose Golden Egg,7,0,0
0xf9752a6e8a5e5f5e6eb3ab4e7d8492460fb319f0,bsc,Ares Protocol,0,0,0
0xf9902edfca4f49dcaebc335c73aebd82c79c2886,eth,ADO Protocol,4,0,0
0xf9cec8d50f6c8ad3fb6dccec577e05aa32b224fe,bsc,Chroma,8,0,0
0xf9fb4ad91812b704ba883b11d2b576e890a6730a,eth,Aave AMM Market WETH,4,0,0
0xfa262f303aa244f9cc66f312f0755d89c3793192,bsc,RigelToken,3,0,0
0xfa40d8fc324bcdd6bbae0e086de886c571c225d4,bsc,Wizardia Token,2,0,0
0xfa5047c9c78b8877af97bdcb85db743fd7313d4a,eth,ROOK,7,0,0
0xfa63503f9e61fd59cbea137c122fa55c2daff14a,eth,LITAS,5,0,0
0xfa704148d516b209d52c2d75f239274c8f8eaf1a,eth,wOCTA,9,0,0
0xfab13732ae25267a5f47f6f31660c9a82b5fa9f1,eth,Skibidi Dop Dop,5,0,0
0xfb130d93e49dca13264344966a611dc79a456bc5,eth,DogeGF,3,0,0
0xfb19075d77a0f111796fb259819830f4780f1429,eth,Fenerbahce Token,10,0,0
0xfb5b838b6cfeedc2873ab27866079ac55363d37e,bsc,FLOKI,2,0,0
0xfb6115445bff7b52feb98650c87f44907e58f802,bsc,Aave Token,8,0,0
0xfb62ae373aca027177d1c18ee0862817f9080d08,bsc,My DeFi Pet Token,0,0,0
0xfbb4f63821e706daf801e440a5893be59094f5cc,eth,Faith,2,0,0
0xfbd5fd3f85e9f4c5e8b40eec9f8b8ab1caaa146b,eth,Treat,5,0,0
0xfbe44cae91d7df8382208fcdc1fe80e40fbc7e9a,eth,The Next Gem,3,0,0
0xfc05987bd2be489accf0f509e44b0145d68240f7,eth,ESSENTIA,2,0,0
0xfc10cd3895f2c66d6639ec33ae6360d6cfca7d6d,eth,YES,0,0,0
0xfc21540d6b89667d167d42086e1feb04da3e9b21,eth,INFINET,4,0,0
0xfc60fc0145d7330e5abcfc52af7b043a1ce18e7d,eth,GVNR,23,0,0
0xfce146bf3146100cfe5db4129cf6c82b0ef4ad8c,bsc,renBTC,5,0,0
0xfcf7985661d2c3f62208970cbe25e70bcce73e7c,eth,RWA-AI,4,0,0
0xfd42728b76772a82ccad527e298dd15a55f4ddd6,bsc,KarenCoin,7,0,0
0xfd5840cd36d94d7229439859c0112a4185bc0255,bsc,Venus USDT,1,0,0
0xfd7b3a77848f1c2d67e05e54d78d174a0c850335,bsc,Ontology Token,3,0,0
0xfdc66a08b0d0dc44c17bbd471b88f49f50cdd20f,bsc,SmarDex Token,5,0,0
0xfe0c30065b384f05761f15d0cc899d4f9f9cc0eb,eth,ether.fi governance token,20,0,0
0xfe2dd2d57a05f89438f3aec94eafa4070396bab0,bsc,Matchain,9,0,0
0xfe2e637202056d30016725477c5da089ab0a043a,eth,StakeWise Staked ETH2,5,0,0
0xfe9a29ab92522d14fc65880d817214261d8479ae,eth,SnowSwap,1,0,0
0xfebe8c1ed424dbf688551d4e2267e7a53698f0aa,bsc,Vita Inu,3,0,0
0xff56cc6b1e6ded347aa0b7676c85ab0b3d08b0fa,eth,Orbs,4,0,0
0xff7d6a96ae471bbcd7713af9cb1feeb16cf56b41,bsc,Bedrock,6,0,0
0xff8c479134a18918059493243943150776cf8cf2,eth,Renq Finance,5,0,0
0xff931a7946d2fa11cf9123ef0dc6f6c7c6cb60c4,eth,Dancing Baby,3,0,0
0xffba7529ac181c2ee1844548e6d7061c9a597df4,bsc,Capsule Coin,6,0,0
0xffffff9936bd58a008855b0812b44d2c8dffe2aa,bsc,GGUSD,9,0,0
